time,user,hostname,pipeline,resize,detector_pre,detector_model,detector_post,extract_roi,landmark_pre,landmark_model,landmark_post,annotate,total,fps
2025-07-25 21:51:29.515097,root,sm2s-qcs6490-36n08f1c,blaze_tflite,0.003767251968383789,0.0035692929959623143,0.07636716500564944,0.0010916250030277297,0,0,0,0,0,0.08479533497302327,11.793101593597564
2025-07-25 21:52:28.407233,root,sm2s-qcs6490-36n08f1c,blaze_tflite,0.004106044769287109,0.003966308999224566,0.07658049000019673,0.0013729689962929115,0.0026106834411621094,0.00024988701625261456,0.016635830004815944,8.4892992163077e-05,0.0004897117614746094,0.10609681798086967,9.42535336149582
2025-07-25 21:57:11.310029,root,sm2s-qcs6490-36n08f1c,blaze_tflite,0.004862785339355469,0.00281317500048317,0.06477614499453921,0.0012753679911838844,0.0020723342895507812,0.0002232730039395392,0.0166625989950262,8.775699825491756e-05,0.0004737377166748047,0.09324717432900798,10.724185555174653
2025-07-25 21:57:11.361346,root,sm2s-qcs6490-36n08f1c,blaze_tflite,0.0008139610290527344,0.00040050598909147084,0.028041440004017204,0.0013501060020644218,0.0016071796417236328,8.572498336434364e-05,0.014906727999914438,8.848600555211306e-05,0.0003917217254638672,0.047685853380244225,20.970579933341195
2025-07-25 21:57:11.394077,root,sm2s-qcs6490-36n08f1c,blaze_tflite,0.0007369518280029297,0.0003650379949249327,0.026899920994765125,0.0009552770061418414,0,0,0,0,0,0.02895718782383483,34.53374015749189
2025-07-25 21:57:11.426321,root,sm2s-qcs6490-36n08f1c,blaze_tflite,0.0008189678192138672,0.0003687879943754524,0.026914868009043857,0.0009451209916733205,0,0,0,0,0,0.029047744814306498,34.42608045453096
2025-07-25 21:57:11.485409,root,sm2s-qcs6490-36n08f1c,blaze_tflite,0.0008080005645751953,0.0003625899989856407,0.026838360005058348,0.0009837129910010844,0,0,0,0,0,0.02899266355962027,34.491484300626894
2025-07-25 21:57:11.553699,root,sm2s-qcs6490-36n08f1c,blaze_tflite,0.0008139610290527344,0.00036410000757314265,0.026867786000366323,0.0009663180098868906,0,0,0,0,0,0.02901216504687909,34.46829970752467
2025-07-25 21:57:11.621469,root,sm2s-qcs6490-36n08f1c,blaze_tflite,0.0007770061492919922,0.0003644130047177896,0.02688101500098128,0.0009572559938533232,0,0,0,0,0,0.028979690148844384,34.506925190153446
2025-07-25 21:57:11.686869,root,sm2s-qcs6490-36n08f1c,blaze_tflite,0.0008070468902587891,0.00036602799082174897,0.02692059699620586,0.0009644950041547418,0,0,0,0,0,0.02905816688144114,34.413733119506574
2025-07-25 21:57:11.753688,root,sm2s-qcs6490-36n08f1c,blaze_tflite,0.0007305145263671875,0.0003758200036827475,0.026827526991837658,0.0009805880108615384,0,0,0,0,0,0.02891444953274913,34.58478429158329
2025-07-25 21:57:11.819619,root,sm2s-qcs6490-36n08f1c,blaze_tflite,0.0007932186126708984,0.00038764199416618794,0.028764225004124455,0.0009808480099309236,0,0,0,0,0,0.030925933620892465,32.33532129566609
2025-07-25 21:57:11.887581,root,sm2s-qcs6490-36n08f1c,blaze_tflite,0.0007998943328857422,0.0003860790020553395,0.028716725995764136,0.0010052750003524125,0,0,0,0,0,0.03090797433105763,32.35410995521496
2025-07-25 21:57:11.948838,root,sm2s-qcs6490-36n08f1c,blaze_tflite,0.0008342266082763672,0.0004111820016987622,0.029983136992086656,0.0010487620020285249,0,0,0,0,0,0.03227730760409031,30.981518417393524
2025-07-25 21:57:12.005386,root,sm2s-qcs6490-36n08f1c,blaze_tflite,0.0008130073547363281,0.0003945680073229596,0.030075426009716466,0.0010167330037802458,0,0,0,0,0,0.032299734375556,30.960006926768614
2025-07-25 21:57:12.064843,root,sm2s-qcs6490-36n08f1c,blaze_tflite,0.0007634162902832031,0.0004003490030299872,0.030018917997949757,0.0010438669996801764,0,0,0,0,0,0.03222655029094312,31.03031478616058
2025-07-25 21:57:12.120776,root,sm2s-qcs6490-36n08f1c,blaze_tflite,0.0007793903350830078,0.00039540200668852776,0.030038343000342138,0.0010453249997226521,0,0,0,0,0,0.032258460341836326,30.99961961616283
2025-07-25 21:57:12.183966,root,sm2s-qcs6490-36n08f1c,blaze_tflite,0.0010080337524414062,0.000462847005110234,0.02970720999292098,0.0010895939922193065,0,0,0,0,0,0.03226768474269193,30.99075771857114
2025-07-25 21:57:12.236202,root,sm2s-qcs6490-36n08f1c,blaze_tflite,0.0008032321929931641,0.0004081089864484966,0.029155929005355574,0.0012080269953003153,0,0,0,0,0,0.03157529718009755,31.6703274175458
2025-07-25 21:57:12.295898,root,sm2s-qcs6490-36n08f1c,blaze_tflite,0.0008137226104736328,0.0004035789897898212,0.02909947300213389,0.0010755849943961948,0,0,0,0,0,0.03139235959679354,31.854884845997415
2025-07-25 21:57:12.353090,root,sm2s-qcs6490-36n08f1c,blaze_tflite,0.0008065700531005859,0.00039857899537310004,0.030122037991532125,0.001006524995318614,0,0,0,0,0,0.032333712035324425,30.92747281560202
2025-07-25 21:57:12.413683,root,sm2s-qcs6490-36n08f1c,blaze_tflite,0.0007810592651367188,0.0004010260017821565,0.03006448899395764,0.0010247519967379048,0,0,0,0,0,0.03227132625761442,30.98726070373541
2025-07-25 21:57:12.468517,root,sm2s-qcs6490-36n08f1c,blaze_tflite,0.0007669925689697266,0.00040097400778904557,0.02998298199963756,0.0010323559981770813,0,0,0,0,0,0.03218330457457341,31.072011193967175
2025-07-25 21:57:12.528569,root,sm2s-qcs6490-36n08f1c,blaze_tflite,0.0007627010345458984,0.00040206800622399896,0.02996188799443189,0.001041835013893433,0,0,0,0,0,0.03216849204909522,31.086318826316457
2025-07-25 21:57:12.585760,root,sm2s-qcs6490-36n08f1c,blaze_tflite,0.0007467269897460938,0.0004007139941677451,0.03007662299205549,0.0010073579906020314,0,0,0,0,0,0.03223142196657136,31.02562465401447
2025-07-25 21:57:12.644484,root,sm2s-qcs6490-36n08f1c,blaze_tflite,0.0007662773132324219,0.00040024600457400084,0.029930274991784245,0.0010489190026419237,0,0,0,0,0,0.03214571731223259,31.108342995956864
2025-07-25 21:57:12.701523,root,sm2s-qcs6490-36n08f1c,blaze_tflite,0.0007793903350830078,0.0004009219992440194,0.03003141700173728,0.0009987639932660386,0,0,0,0,0,0.03221049332933035,31.045783427645187
2025-07-25 21:57:12.760911,root,sm2s-qcs6490-36n08f1c,blaze_tflite,0.0007762908935546875,0.00039618200389668345,0.029976940000778995,0.0010246490128338337,0,0,0,0,0,0.0321740619110642,31.080937270656346
2025-07-25 21:57:12.817035,root,sm2s-qcs6490-36n08f1c,blaze_tflite,0.0007812976837158203,0.00040540099143981934,0.030129069011309184,0.0011927669984288514,0,0,0,0,0,0.032508534684893675,30.76115271552636
2025-07-25 21:57:12.876693,root,sm2s-qcs6490-36n08f1c,blaze_tflite,0.0007574558258056641,0.0003987870004493743,0.029985897010192275,0.0010443869978189468,0,0,0,0,0,0.03218652683426626,31.06890051073746
2025-07-25 21:57:12.932892,root,sm2s-qcs6490-36n08f1c,blaze_tflite,0.0007781982421875,0.0004093589959666133,0.030338904995005578,0.0010550650040386245,0,0,0,0,0,0.032581527237198316,30.692238357025218
2025-07-25 21:57:12.992657,root,sm2s-qcs6490-36n08f1c,blaze_tflite,0.0007832050323486328,0.0004092550079803914,0.030007876004674472,0.0010406899964436889,0,0,0,0,0,0.032241026041447185,31.01638262735368
2025-07-25 21:57:13.048407,root,sm2s-qcs6490-36n08f1c,blaze_tflite,0.0007615089416503906,0.00039998500142246485,0.030024906009202823,0.001051365994499065,0,0,0,0,0,0.032237765946774743,31.019519207721213
2025-07-25 21:57:13.129647,root,sm2s-qcs6490-36n08f1c,blaze_tflite,0.0007796287536621094,0.0004034750018035993,0.029993606003699824,0.0012751600006595254,0.002084493637084961,8.437198994215578e-05,0.017159455004730262,8.609100768808275e-05,0.00038933753967285156,0.05225561893894337,19.136698029898415
2025-07-25 21:57:13.179007,root,sm2s-qcs6490-36n08f1c,blaze_tflite,0.0006926059722900391,0.00036446499871090055,0.026855494987103157,0.0011577679979382083,0.0016980171203613281,7.906001701485366e-05,0.014943861999199726,7.286200707312673e-05,0.0003840923309326172,0.046248227430623956,21.62245031985453
2025-07-25 21:57:13.238421,root,sm2s-qcs6490-36n08f1c,blaze_tflite,0.0007829666137695312,0.00037378699926193804,0.02688481699442491,0.0011325090017635375,0.0016894340515136719,8.588199852965772e-05,0.014870375001919456,7.333100074902177e-05,0.0003914833068847656,0.04628458496881649,21.60546541950704
2025-07-25 21:57:13.294643,root,sm2s-qcs6490-36n08f1c,blaze_tflite,0.0007760524749755859,0.00036102801095694304,0.026879088007262908,0.0011717260058503598,0.001836538314819336,9.333000343758613e-05,0.0149112599901855,7.103799725882709e-05,0.0003941059112548828,0.04649416671600193,21.50807446680896
2025-07-25 21:57:13.354750,root,sm2s-qcs6490-36n08f1c,blaze_tflite,0.0008037090301513672,0.0003589970001485199,0.026934502995572984,0.0011725599906640127,0.0017826557159423828,8.400600927416235e-05,0.014889020007103682,7.723599264863878e-05,0.0003769397735595703,0.04647962651506532,21.514802828199848
2025-07-25 21:57:13.396899,root,sm2s-qcs6490-36n08f1c,blaze_tflite,0.0008511543273925781,0.00036149700463283807,0.026848776993574575,0.0009628289990359917,0,0,0,0,0,0.029024257324635983,34.453939296878865
2025-07-25 21:57:13.471009,root,sm2s-qcs6490-36n08f1c,blaze_tflite,0.0007898807525634766,0.00037269399035722017,0.026968407997628674,0.0011022499966202304,0.0018024444580078125,9.171500278171152e-05,0.014930424993508495,7.796600402798504e-05,0.00038242340087890625,0.04651820659637451,21.496959430889518
2025-07-25 21:57:13.513418,root,sm2s-qcs6490-36n08f1c,blaze_tflite,0.0007843971252441406,0.0003811309870798141,0.026970699007506482,0.0009535569988656789,0,0,0,0,0,0.029089784118696116,34.376329364276586
2025-07-25 21:57:13.587082,root,sm2s-qcs6490-36n08f1c,blaze_tflite,0.0007750988006591797,0.00037269399035722017,0.02692294100415893,0.0011694869899656624,0.0018298625946044922,8.447500295005739e-05,0.014888446996337734,7.86949967732653e-05,0.00037932395935058594,0.046501024335157126,21.504902618756926
2025-07-25 21:57:13.647067,root,sm2s-qcs6490-36n08f1c,blaze_tflite,0.0007863044738769531,0.00036222599737811834,0.026870235000387765,0.001094749997719191,0.0018377304077148438,8.343500667251647e-05,0.01490610299515538,7.421600457746536e-05,0.0003783702850341797,0.04639337016851641,21.55480398099258
2025-07-25 21:57:13.702510,root,sm2s-qcs6490-36n08f1c,blaze_tflite,0.0008263587951660156,0.00036274699959903955,0.026833725001779385,0.0011755800078390166,0.0018455982208251953,8.723598148208112e-05,0.014915164996637031,7.176800863817334e-05,0.00038695335388183594,0.046505131365847774,21.503003445645042
2025-07-25 21:57:13.762404,root,sm2s-qcs6490-36n08f1c,blaze_tflite,0.0008111000061035156,0.0003626420075306669,0.026914086993201636,0.0011716739973053336,0.0018596649169921875,8.827798592392355e-05,0.014892093007802032,7.77060049585998e-05,0.0003917217254638672,0.04656896664528176,21.473527802689976
2025-07-25 21:57:13.801306,root,sm2s-qcs6490-36n08f1c,blaze_tflite,0.0007443428039550781,0.0003614450106397271,0.026981688002706505,0.0009578799945302308,0,0,0,0,0,0.02904535581183154,34.42891202567582
2025-07-25 21:57:13.860813,root,sm2s-qcs6490-36n08f1c,blaze_tflite,0.0008432865142822266,0.000360819001798518,0.026863880004384555,0.000981369987130165,0,0,0,0,0,0.029049355507595465,34.42417163914471
2025-07-25 21:57:13.918729,root,sm2s-qcs6490-36n08f1c,blaze_tflite,0.0007781982421875,0.00036592400283552706,0.026827474997844547,0.001023867996991612,0,0,0,0,0,0.028995465239859186,34.48815156879533
2025-07-25 21:57:13.978326,root,sm2s-qcs6490-36n08f1c,blaze_tflite,0.0008714199066162109,0.00038076700002420694,0.02721386701159645,0.0009532450058031827,0,0,0,0,0,0.02941929892404005,33.991292674308006
2025-07-25 21:57:14.050575,root,sm2s-qcs6490-36n08f1c,blaze_tflite,0.0007541179656982422,0.0003763919958146289,0.02685497399943415,0.0011063120036851615,0.0018353462219238281,8.489300671499223e-05,0.01493693600059487,7.567400461994112e-05,0.0003821849822998047,0.04640683018078562,21.548552144249708
2025-07-25 21:57:14.093170,root,sm2s-qcs6490-36n08f1c,blaze_tflite,0.0007402896881103516,0.0003645169927040115,0.026839505997486413,0.000940902013098821,0,0,0,0,0,0.028885214691399597,34.6197876901273
2025-07-25 21:57:14.149288,root,sm2s-qcs6490-36n08f1c,blaze_tflite,0.0007894039154052734,0.0003619139897637069,0.026852683004108258,0.0009665260004112497,0,0,0,0,0,0.028970526909688488,34.517839565616406
2025-07-25 21:57:14.209497,root,sm2s-qcs6490-36n08f1c,blaze_tflite,0.0007479190826416016,0.00037180799699854106,0.02688466099789366,0.0009539750026306137,0,0,0,0,0,0.028958363080164418,34.53233862811013
2025-07-25 21:57:14.265451,root,sm2s-qcs6490-36n08f1c,blaze_tflite,0.0007715225219726562,0.0003667050041258335,0.026866379994316958,0.0009639740019338205,0,0,0,0,0,0.028968581522349268,34.52015761380997
2025-07-25 21:57:14.342828,root,sm2s-qcs6490-36n08f1c,blaze_tflite,0.0007848739624023438,0.00037014200643170625,0.026798102000611834,0.0011705280048772693,0.0019178390502929688,7.98929831944406e-05,0.014877041990985163,7.791399548295885e-05,0.0003952980041503906,0.046471631998429075,21.518504020556108
2025-07-25 21:57:14.400658,root,sm2s-qcs6490-36n08f1c,blaze_tflite,0.0008406639099121094,0.0003944119962397963,0.02707423699030187,0.0011687060032272711,0.0019335746765136719,7.984100375324488e-05,0.014879801994538866,8.17680120235309e-05,0.000408172607421875,0.046861177193932235,21.339626101614105
2025-07-25 21:57:14.441318,root,sm2s-qcs6490-36n08f1c,blaze_tflite,0.000751495361328125,0.00036201700277160853,0.02691778400912881,0.0009444429888390005,0,0,0,0,0,0.028975739362067543,34.511630143564545
2025-07-25 21:57:14.515176,root,sm2s-qcs6490-36n08f1c,blaze_tflite,0.0007572174072265625,0.00036555901169776917,0.026905233011348173,0.0012147969973739237,0.0019011497497558594,8.062200504355133e-05,0.014897561995894648,7.562199607491493e-05,0.0004055500030517578,0.04660331217746716,21.457702323645204
2025-07-25 21:57:14.575020,root,sm2s-qcs6490-36n08f1c,blaze_tflite,0.0007650852203369141,0.0003640999930212274,0.026909972002613358,0.0011954760120715946,0.0019345283508300781,8.249699021689594e-05,0.01489360400591977,7.379899034276605e-05,0.0003974437713623047,0.04661650533671491,21.45162947709007
2025-07-25 21:57:14.630619,root,sm2s-qcs6490-36n08f1c,blaze_tflite,0.0008077621459960938,0.00037701700057368726,0.026939657996990718,0.0012237030023243278,0.0019092559814453125,8.942399290390313e-05,0.014933653990738094,7.781000749673694e-05,0.00039839744567871094,0.046756681564147584,21.387317631343347
2025-07-25 21:57:14.708835,root,sm2s-qcs6490-36n08f1c,blaze_tflite,0.0007872581481933594,0.0003625389945227653,0.02687148400582373,0.0013019299949519336,0.004135608673095703,0.0002022829867200926,0.029752363989246078,0.0001431199925718829,0.0006568431854248047,0.06421342997055035,15.57306626446557
2025-07-25 21:57:14.758766,root,sm2s-qcs6490-36n08f1c,blaze_tflite,0.0010941028594970703,0.00036607999936677516,0.02695299100014381,0.0011774549930123612,0.0019025802612304688,7.937299960758537e-05,0.014903810995747335,7.166399154812098e-05,0.0003933906555175781,0.046941447755671106,21.303135029089248
2025-07-25 21:57:14.808366,root,sm2s-qcs6490-36n08f1c,blaze_tflite,0.0007288455963134766,0.00036269499105401337,0.026922210992779583,0.0011540189880179241,0.0019278526306152344,8.098701073322445e-05,0.014911831996869296,7.807000656612217e-05,0.00039124488830566406,0.04655775710125454,21.478697906885515
2025-07-25 21:57:14.866219,root,sm2s-qcs6490-36n08f1c,blaze_tflite,0.0007939338684082031,0.0003619659983087331,0.026818933998583816,0.0012057359999744222,0.0018863677978515625,8.140401041600853e-05,0.014876781002385542,7.041401113383472e-05,0.0004057884216308594,0.04650132510869298,21.504763523675575
2025-07-25 21:57:14.922751,root,sm2s-qcs6490-36n08f1c,blaze_tflite,0.0007634162902832031,0.0003649339923867956,0.02685075599583797,0.0012062049936503172,0.0019385814666748047,8.353800512850285e-05,0.014895635002176277,7.426799857057631e-05,0.0003981590270996094,0.04657549277180806,21.4705189465069
2025-07-25 21:57:14.999538,root,sm2s-qcs6490-36n08f1c,blaze_tflite,0.0008718967437744141,0.00035915299667976797,0.026930179999908432,0.0013282829895615578,0.0036025047302246094,0.00022806499327998608,0.02969960698101204,0.00013780800509266555,0.0006825923919677734,0.06384008983150125,15.664138359444477
2025-07-25 21:57:15.049047,root,sm2s-qcs6490-36n08f1c,blaze_tflite,0.0007364749908447266,0.0003628510021371767,0.026814090000698343,0.0012012039951514453,0.0019404888153076172,8.359100320376456e-05,0.014876052009640262,7.473700679838657e-05,0.0004124641418457031,0.046501952965627424,21.504473172108796
2025-07-25 21:57:15.116980,root,sm2s-qcs6490-36n08f1c,blaze_tflite,0.0007383823394775391,0.00036175698915030807,0.026955231005558744,0.0013051069981884211,0.0036492347717285156,0.00021795998327434063,0.029725334999966435,0.00014166200708132237,0.0006988048553466797,0.0637934739497723,15.675584634054394
2025-07-25 21:57:15.183956,root,sm2s-qcs6490-36n08f1c,blaze_tflite,0.0007925033569335938,0.00037285100552253425,0.02701861399691552,0.001313543994911015,0.003661632537841797,0.0002257730084238574,0.02964143101416994,0.0001408280077157542,0.0007257461547851562,0.06389292307721917,15.65118563743638
2025-07-25 21:57:15.251233,root,sm2s-qcs6490-36n08f1c,blaze_tflite,0.0008139610290527344,0.0003985779912909493,0.026885754996328615,0.0013880720071028918,0.0038471221923828125,0.000216607004404068,0.02978377099498175,0.0001431720011169091,0.0006792545318603516,0.06415629274852108,15.586935546911754
2025-07-25 21:57:15.319375,root,sm2s-qcs6490-36n08f1c,blaze_tflite,0.0007905960083007812,0.00036144400655757636,0.0269761679955991,0.001333595995674841,0.0036492347717285156,0.0002077009849017486,0.02965424399008043,0.0001370270038023591,0.0006961822509765625,0.06380619300762191,15.672459879882599
2025-07-25 21:57:15.386457,root,sm2s-qcs6490-36n08f1c,blaze_tflite,0.0007734298706054688,0.0003816520038526505,0.027045957001973875,0.0013396370050031692,0.00365447998046875,0.00022676298976875842,0.02976772899273783,0.00014265099889598787,0.0006985664367675781,0.06403086528007407,15.617468163610662
2025-07-25 21:57:15.453988,root,sm2s-qcs6490-36n08f1c,blaze_tflite,0.00074005126953125,0.00036305900721345097,0.027044289992772974,0.0012935970007674769,0.0039348602294921875,0.0002547289914218709,0.029988554000738077,0.00014520299737341702,0.0006887912750244141,0.06445313476433512,15.515149164681839
2025-07-25 21:57:15.521090,root,sm2s-qcs6490-36n08f1c,blaze_tflite,0.0007319450378417969,0.0003657159977592528,0.027000334011972882,0.0013121380034135655,0.003644227981567383,0.0002189499937230721,0.029785279999487102,0.00015723300748504698,0.0006897449493408203,0.06390556898259092,15.648088514358097
2025-07-25 21:57:15.589213,root,sm2s-qcs6490-36n08f1c,blaze_tflite,0.0008392333984375,0.0003754539939109236,0.026905701000941917,0.0013196380023146048,0.0037217140197753906,0.000220513014937751,0.02970278299471829,0.00013530798605643213,0.0006928443908691406,0.06391318880196195,15.64622292745473
2025-07-25 21:57:15.656133,root,sm2s-qcs6490-36n08f1c,blaze_tflite,0.0007383823394775391,0.0003604039957281202,0.026992416998837143,0.001296617992920801,0.0036623477935791016,0.00021285601542331278,0.02970090799499303,0.00013890198897570372,0.0007288455963134766,0.06383168071624823,15.666201935764665
2025-07-25 21:57:15.723732,root,sm2s-qcs6490-36n08f1c,blaze_tflite,0.0008776187896728516,0.0003691000019898638,0.027019968008971773,0.0013230750046204776,0.003593921661376953,0.00021577399456873536,0.029655753998667933,0.00013082798977848142,0.0007519721984863281,0.0639380116481334,15.640148547365625
2025-07-25 21:57:15.790970,root,sm2s-qcs6490-36n08f1c,blaze_tflite,0.0007827281951904297,0.000411129993153736,0.026974761000019498,0.0013772910024272278,0.0036449432373046875,0.00021525200281757861,0.029745072999503464,0.00015895300020929426,0.0006914138793945312,0.06400154531002045,15.624622736155002
2025-07-25 21:57:15.858561,root,sm2s-qcs6490-36n08f1c,blaze_tflite,0.0007412433624267578,0.0003719129890669137,0.026902160010649823,0.0013929159904364496,0.003676891326904297,0.0002496779925422743,0.02967158699175343,0.0001337449939455837,0.0006918907165527344,0.06383202437427826,15.66611759226862
2025-07-25 21:57:15.925653,root,sm2s-qcs6490-36n08f1c,blaze_tflite,0.0008089542388916016,0.00037665199488401413,0.026897264004219323,0.0013180230016587302,0.003585338592529297,0.00021650300186593086,0.029770698005449958,0.00014280799950938672,0.0007004737854003906,0.06381671462440863,15.669875923345007
2025-07-25 21:57:15.992663,root,sm2s-qcs6490-36n08f1c,blaze_tflite,0.0007956027984619141,0.00037300700205378234,0.026861171994823962,0.0013058360054856166,0.0036406517028808594,0.00022212701151147485,0.029672939985175617,0.00015624400111846626,0.0007009506225585938,0.06372853112407029,15.691558904019674
2025-07-25 21:57:16.060029,root,sm2s-qcs6490-36n08f1c,blaze_tflite,0.0009713172912597656,0.0003652469895314425,0.027057675004471093,0.0013145330012775958,0.0036864280700683594,0.00022098001500125974,0.02967122200061567,0.00014098398969508708,0.0007312297821044922,0.06415961614402477,15.58612816129092
2025-07-25 21:57:16.127206,root,sm2s-qcs6490-36n08f1c,blaze_tflite,0.0009765625,0.00037066300865262747,0.02680648601381108,0.0013500009954441339,0.003741025924682617,0.0002102000144077465,0.029729292989941314,0.0001412959973094985,0.0007009506225585938,0.06402647806680761,15.618538301553347
2025-07-25 21:57:16.194043,root,sm2s-qcs6490-36n08f1c,blaze_tflite,0.0007646083831787109,0.00038576700899284333,0.026849140995182097,0.0012955760030308738,0.003683805465698242,0.00021691898291464895,0.029724553009145893,0.0001353069965261966,0.0006985664367675781,0.06375424328143708,15.685230480826107
2025-07-25 21:57:16.261166,root,sm2s-qcs6490-36n08f1c,blaze_tflite,0.0007777214050292969,0.00037784999585710466,0.02694122100365348,0.0013276579993544146,0.0037174224853515625,0.00022249000903684646,0.029704241009312682,0.0001357750006718561,0.0006997585296630859,0.06390413743793033,15.648439054064276
2025-07-25 21:57:16.328279,root,sm2s-qcs6490-36n08f1c,blaze_tflite,0.0009057521820068359,0.0003802459978032857,0.0270396029955009,0.0013124509860062972,0.0035767555236816406,0.00022962600633036345,0.029667575989151374,0.00014666099741589278,0.0007319450378417969,0.06399061571573839,15.627291421014592
2025-07-25 21:57:16.396484,root,sm2s-qcs6490-36n08f1c,blaze_tflite,0.0007886886596679688,0.0003758189996005967,0.02696075101266615,0.001308179009356536,0.0036258697509765625,0.00022749099298380315,0.02962002698041033,0.0001342650066362694,0.0007274150848388672,0.06376850549713708,15.681722383236588
2025-07-25 21:57:16.446761,root,sm2s-qcs6490-36n08f1c,blaze_tflite,0.0009186267852783203,0.00037628799327649176,0.027057154002250172,0.0013404179917415604,0.0019450187683105469,9.108999802265316e-05,0.014961569992010482,7.234100485220551e-05,0.0004115104675292969,0.04717401700327173,21.198109966565823
2025-07-25 21:57:16.514383,root,sm2s-qcs6490-36n08f1c,blaze_tflite,0.0007405281066894531,0.00036956899566575885,0.027043456997489557,0.0013130239967722446,0.003699779510498047,0.0002140019932994619,0.029799238007399254,0.00014645200280938298,0.0006988048553466797,0.06402485446596984,15.61893437073746
2025-07-25 21:57:16.581345,root,sm2s-qcs6490-36n08f1c,blaze_tflite,0.0007674694061279297,0.00036910100607201457,0.026913305002381094,0.0013068779953755438,0.003599405288696289,0.00022358399291988462,0.029695126999286003,0.00014145299792289734,0.0007016658782958984,0.06371798856707755,15.694155174833783
2025-07-25 21:57:16.648068,root,sm2s-qcs6490-36n08f1c,blaze_tflite,0.0008301734924316406,0.00037222501123324037,0.026880806995905004,0.0012956280115759,0.003466367721557617,0.00021327300055418164,0.02966643100080546,0.00013608799781650305,0.0007312297821044922,0.06359222301398404,15.725193311454111
2025-07-25 21:57:16.714878,root,sm2s-qcs6490-36n08f1c,blaze_tflite,0.0008435249328613281,0.0003732149925781414,0.026967416997649707,0.001343594994978048,0.0033817291259765625,0.0002148869971279055,0.02966262800327968,0.00014343200018629432,0.0006773471832275391,0.0636077752278652,15.72134847379352
2025-07-25 21:57:16.781582,root,sm2s-qcs6490-36n08f1c,blaze_tflite,0.0007760524749755859,0.0003681109956232831,0.026968825011863373,0.0012865140015492216,0.003298521041870117,0.00023780397896189243,0.029708564004977234,0.0001354109845124185,0.00067901611328125,0.06345881860761438,15.758251129497244
2025-07-25 21:57:16.832263,root,sm2s-qcs6490-36n08f1c,blaze_tflite,0.0008139610290527344,0.0003667570126708597,0.026965543002006598,0.001179173996206373,0.001603841781616211,8.353700104635209e-05,0.01487204099248629,7.385099888779223e-05,0.0004253387451171875,0.0463840445590904,21.559137619533416
2025-07-25 21:57:16.882710,root,sm2s-qcs6490-36n08f1c,blaze_tflite,0.0007262229919433594,0.00036342399835120887,0.026978407011483796,0.0011595919932005927,0.0015759468078613281,0.00010369399387855083,0.014924539005733095,7.640400144737214e-05,0.0003936290740966797,0.04630185887799598,21.59740503367198
2025-07-25 21:57:16.933148,root,sm2s-qcs6490-36n08f1c,blaze_tflite,0.0007526874542236328,0.0004153489862801507,0.02683726699615363,0.0012195890012662858,0.0014462471008300781,7.9474993981421e-05,0.014917820997652598,7.88509933045134e-05,0.0003991127014160156,0.046146399225108325,21.670163150148852
2025-07-25 21:57:16.983398,root,sm2s-qcs6490-36n08f1c,blaze_tflite,0.0007266998291015625,0.00036269400152377784,0.026931273998343386,0.0011667789949569851,0.001615285873413086,8.96319979801774e-05,0.014832772998488508,7.103900134097785e-05,0.00040221214294433594,0.046198388838092797,21.645776511917052
2025-07-25 21:57:17.032721,root,sm2s-qcs6490-36n08f1c,blaze_tflite,0.0007455348968505859,0.00037035100103821605,0.026935179994325154,0.0011780810018535703,0.001589059829711914,7.973599713295698e-05,0.014942299996619113,7.895599992480129e-05,0.0003936290740966797,0.04631282779155299,21.59228981872686
2025-07-25 21:57:17.083063,root,sm2s-qcs6490-36n08f1c,blaze_tflite,0.0007348060607910156,0.0003608719998737797,0.026907367995590903,0.0011603210004977882,0.00154876708984375,8.015400089789182e-05,0.01486376101092901,7.218398968689144e-05,0.0004038810729980469,0.04613211422110908,21.67687340768833
2025-07-25 21:57:17.132229,root,sm2s-qcs6490-36n08f1c,blaze_tflite,0.0007257461547851562,0.0003673820028780028,0.02689387899590656,0.0012009960046270862,0.0015630722045898438,8.390299626626074e-05,0.014840323987300508,6.869499338790774e-05,0.000423431396484375,0.0461674287362257,21.66029227474262
2025-07-25 21:57:17.181513,root,sm2s-qcs6490-36n08f1c,blaze_tflite,0.0007703304290771484,0.0003752979973796755,0.02693851299409289,0.0012348489981377497,0.0014793872833251953,8.921499829739332e-05,0.014920476998668164,7.01020035194233e-05,0.0003998279571533203,0.04627799965965096,21.608539853806253
2025-07-25 21:57:17.231416,root,sm2s-qcs6490-36n08f1c,blaze_tflite,0.0007586479187011719,0.00036139300209470093,0.026824661996215582,0.0011713100102497265,0.0015175342559814453,9.916399721987545e-05,0.01485245898948051,7.10909953340888e-05,0.0004482269287109375,0.04610448809398804,21.68986233967965
2025-07-25 21:57:17.280447,root,sm2s-qcs6490-36n08f1c,blaze_tflite,0.0007309913635253906,0.0003621219948399812,0.026885390005190857,0.0011974549997830763,0.0014684200286865234,8.145500032696873e-05,0.014878551999572664,7.218398968689144e-05,0.0003986358642578125,0.046075205245870166,21.703647214672635
2025-07-25 21:57:17.330458,root,sm2s-qcs6490-36n08f1c,blaze_tflite,0.0007355213165283203,0.0003604030061978847,0.026861953010666184,0.001172873002360575,0.0014488697052001953,8.911199984140694e-05,0.014903656003298238,7.489300332963467e-05,0.00039458274841308594,0.046041863795835525,21.71936402128121
2025-07-25 21:57:17.379493,root,sm2s-qcs6490-36n08f1c,blaze_tflite,0.000713348388671875,0.00036524700408335775,0.026862526006880216,0.0011544870067154989,0.001474142074584961,8.26010073069483e-05,0.01486751101037953,7.494499732274562e-05,0.00040030479431152344,0.04599511229025666,21.741440561975416
2025-07-25 21:57:17.428822,root,sm2s-qcs6490-36n08f1c,blaze_tflite,0.0007097721099853516,0.000369934001355432,0.026942366996081546,0.0011739139881683514,0.0015232563018798828,9.614200098440051e-05,0.014954799000406638,7.51530023990199e-05,0.0003943443298339844,0.046239681731094606,21.626446432210933
2025-07-25 21:57:17.478328,root,sm2s-qcs6490-36n08f1c,blaze_tflite,0.00075531005859375,0.0003753500059247017,0.027168347995029762,0.0012797429953934625,0.0015461444854736328,9.208000847138464e-05,0.014918550994480029,7.010101398918778e-05,0.0003941059112548828,0.04659973346861079,21.459350205803045
2025-07-25 21:57:17.527374,root,sm2s-qcs6490-36n08f1c,blaze_tflite,0.0007245540618896484,0.0003948809899156913,0.026842473991564475,0.0011782889923779294,0.001531839370727539,9.520399908069521e-05,0.014837252005236223,7.327800267376006e-05,0.00039839744567871094,0.04607616885914467,21.703193315768296
2025-07-25 21:57:17.576569,root,sm2s-qcs6490-36n08f1c,blaze_tflite,0.0007369518280029297,0.00038029799179639667,0.02687731699552387,0.0011903709964826703,0.0015666484832763672,8.796500333119184e-05,0.014902561000781134,7.374699634965509e-05,0.00040435791015625,0.046220217205700465,21.635553886507207
2025-07-25 21:57:17.625806,root,sm2s-qcs6490-36n08f1c,blaze_tflite,0.0007753372192382812,0.0003706110001076013,0.02686690099653788,0.0011976630048593506,0.001546621322631836,8.546501339878887e-05,0.014883188006933779,7.192500925157219e-05,0.0004024505615234375,0.046200162134482525,21.644945684154376
2025-07-25 21:57:17.674984,root,sm2s-qcs6490-36n08f1c,blaze_tflite,0.000728607177734375,0.00036472600186243653,0.0269047649926506,0.001159851992269978,0.001569986343383789,8.598600106779486e-05,0.01490068699058611,6.978899182286114e-05,0.0003998279571533203,0.04618422644853126,21.652414187653925
2025-07-25 21:57:17.724325,root,sm2s-qcs6490-36n08f1c,blaze_tflite,0.0007355213165283203,0.00036962100421078503,0.026911326000117697,0.0011720390029950067,0.0016067028045654297,7.83300056355074e-05,0.014884124000673182,9.103899355977774e-05,0.0003991127014160156,0.04624781582970172,21.622642757493647
2025-07-25 21:57:17.774406,root,sm2s-qcs6490-36n08f1c,blaze_tflite,0.0007791519165039062,0.0003707149880938232,0.026915075999568217,0.001162144006229937,0.0015456676483154297,8.72879900271073e-05,0.014887354001984932,6.952800322324038e-05,0.0004029273986816406,0.04621985195262823,21.635724861795804
2025-07-25 21:57:17.823621,root,sm2s-qcs6490-36n08f1c,blaze_tflite,0.0007216930389404297,0.00037045399949420244,0.02689403499243781,0.0011651639943011105,0.0015904903411865234,8.270499529317021e-05,0.014877979992888868,7.046600512694567e-05,0.00039649009704589844,0.04616947745671496,21.659331122764495
2025-07-25 21:57:17.874328,root,sm2s-qcs6490-36n08f1c,blaze_tflite,0.0007340908050537109,0.0003712359903147444,0.026938199996948242,0.0011680809984682128,0.0014843940734863281,8.656000136397779e-05,0.014971101001719944,7.067399565130472e-05,0.0003960132598876953,0.04622035012289416,21.635491668520995
2025-07-25 21:57:17.923525,root,sm2s-qcs6490-36n08f1c,blaze_tflite,0.0007467269897460938,0.0003648819983936846,0.026832892006495968,0.00116396599332802,0.0015833377838134766,8.671599789522588e-05,0.014896416003466584,7.51530023990199e-05,0.0003936290740966797,0.04614371884963475,21.671421916786308
2025-07-25 21:57:17.972804,root,sm2s-qcs6490-36n08f1c,blaze_tflite,0.00077056884765625,0.00036581899621523917,0.02691903400409501,0.0011891729955095798,0.0014948844909667969,8.333000005222857e-05,0.014939070999389514,6.827800825703889e-05,0.00039386749267578125,0.04622402583481744,21.633771224806807
2025-07-25 21:57:18.022182,root,sm2s-qcs6490-36n08f1c,blaze_tflite,0.0008208751678466797,0.00036675699811894447,0.02693096100119874,0.0012103710032533854,0.0015201568603515625,0.0001026009995257482,0.014914904997567646,7.129900041036308e-05,0.0003960132598876953,0.046333939288160764,21.5824515541574
2025-07-25 21:57:18.072332,root,sm2s-qcs6490-36n08f1c,blaze_tflite,0.0007932186126708984,0.000369934001355432,0.026898774987785146,0.0011829760042019188,0.0015130043029785156,8.291398989968002e-05,0.01485902200511191,9.145500371232629e-05,0.0003936290740966797,0.04618492798181251,21.652085294877956
2025-07-25 21:57:18.122742,root,sm2s-qcs6490-36n08f1c,blaze_tflite,0.0007312297821044922,0.00036040299164596945,0.026888149994192645,0.0011763090005842969,0.0015239715576171875,8.614300168119371e-05,0.014916623011231422,6.869499338790774e-05,0.0003876686096191406,0.046139192942064255,21.673547720170856
2025-07-25 21:57:18.171873,root,sm2s-qcs6490-36n08f1c,blaze_tflite,0.0007410049438476562,0.00036457000533118844,0.026894035006989725,0.0011653730034595355,0.0015368461608886719,8.536200039088726e-05,0.014895739004714414,7.02580000506714e-05,0.00039005279541015625,0.046143240921082906,21.671646378507816
2025-07-25 21:57:18.221034,root,sm2s-qcs6490-36n08f1c,blaze_tflite,0.0008471012115478516,0.00043508800445124507,0.026816953992238268,0.0012104750057915226,0.001491546630859375,8.874600462149829e-05,0.014881625000271015,7.041399658191949e-05,0.00039267539978027344,0.04623462524614297,21.62881162497198
2025-07-25 21:57:18.270234,root,sm2s-qcs6490-36n08f1c,blaze_tflite,0.0007698535919189453,0.00036852799530606717,0.026894921000348404,0.001181675004772842,0.0015106201171875,8.072699711192399e-05,0.014912978003849275,6.905899499543011e-05,0.0003921985626220703,0.04618056026811246,21.654133128620725
2025-07-25 21:57:18.319381,root,sm2s-qcs6490-36n08f1c,blaze_tflite,0.000766754150390625,0.000366236999980174,0.026810288007254712,0.0011720909969881177,0.0015377998352050781,8.171600347850472e-05,0.014855166999041103,7.327798812184483e-05,0.0003943443298339844,0.046057675310294144,21.71190780392024
2025-07-25 21:57:18.368661,root,sm2s-qcs6490-36n08f1c,blaze_tflite,0.0007491111755371094,0.0003778500104090199,0.02689330599969253,0.0012006839970126748,0.0015552043914794922,8.025698480196297e-05,0.014879594004014507,7.937201007734984e-05,0.0003898143768310547,0.0462051929498557,21.642588985295493
2025-07-25 21:57:18.417840,root,sm2s-qcs6490-36n08f1c,blaze_tflite,0.0007717609405517578,0.0003622249932959676,0.026855703996261582,0.0011896430078195408,0.0015380382537841797,8.265201176982373e-05,0.014892717998009175,7.286200707312673e-05,0.00039505958557128906,0.04616066279413644,21.663467105308225
2025-07-25 21:57:18.467069,root,sm2s-qcs6490-36n08f1c,blaze_tflite,0.0007512569427490234,0.00036149699008092284,0.026862785991397686,0.0011782890069298446,0.0014851093292236328,8.093401265796274e-05,0.014965372000006028,7.827900117263198e-05,0.00039124488830566406,0.046154768162523396,21.666233843461853
2025-07-25 21:57:18.516260,root,sm2s-qcs6490-36n08f1c,blaze_tflite,0.00075531005859375,0.000376027004676871,0.026886223000474274,0.0011733930004993454,0.0015158653259277344,8.036199142225087e-05,0.014878186993882991,7.562199607491493e-05,0.0004172325134277344,0.046158221884979866,21.664612698727144
2025-07-25 21:57:18.566700,root,sm2s-qcs6490-36n08f1c,blaze_tflite,0.0007398128509521484,0.00035941399983130395,0.02693997100868728,0.0011781840003095567,0.0015912055969238281,8.228901424445212e-05,0.014929070996004157,7.20289972377941e-05,0.000392913818359375,0.046284890282549895,21.605322901176134
2025-07-25 21:57:18.616116,root,sm2s-qcs6490-36n08f1c,blaze_tflite,0.0007398128509521484,0.00036639199242927134,0.026905805003480054,0.0012062559981131926,0.0016989707946777344,8.244499622378498e-05,0.014879488997394219,6.885100447107106e-05,0.00042247772216796875,0.046370499359909445,21.565435218594395
2025-07-25 21:57:18.666725,root,sm2s-qcs6490-36n08f1c,blaze_tflite,0.0007703304290771484,0.00036207000084687024,0.02691262798907701,0.0011969860061071813,0.0017383098602294922,0.00010900601046159863,0.015167550998739898,8.551799692213535e-05,0.0003948211669921875,0.04673722045845352,21.39622318552165
2025-07-25 21:57:18.716617,root,sm2s-qcs6490-36n08f1c,blaze_tflite,0.0007853507995605469,0.0003886839986080304,0.027173504000529647,0.0011792260047513992,0.0017185211181640625,8.166399493347853e-05,0.014870219005388208,7.603899575769901e-05,0.00040221214294433594,0.04667542006063741,21.424552766763977
2025-07-25 21:57:18.766055,root,sm2s-qcs6490-36n08f1c,blaze_tflite,0.0007822513580322266,0.0003626950056059286,0.02686309900309425,0.0012237040064064786,0.0017833709716796875,9.874600800685585e-05,0.014918497996404767,7.171600009314716e-05,0.0004029273986816406,0.04650700774800498,21.50213588064902
2025-07-25 21:57:18.815542,root,sm2s-qcs6490-36n08f1c,blaze_tflite,0.0007581710815429688,0.00036696500319521874,0.026870339002925903,0.001173080992884934,0.0017521381378173828,9.265200060326606e-05,0.014874125001369976,7.083000673446804e-05,0.0004024505615234375,0.046360751788597554,21.569969455196592
2025-07-25 21:57:18.864886,root,sm2s-qcs6490-36n08f1c,blaze_tflite,0.0007612705230712891,0.00036592398828361183,0.026843517000088468,0.001170632996945642,0.0016846656799316406,8.166399493347853e-05,0.014902456998242997,7.385099888779223e-05,0.0003960132598876953,0.046279995440272614,21.60760800615389
2025-07-25 21:57:18.914288,root,sm2s-qcs6490-36n08f1c,blaze_tflite,0.0008184909820556641,0.0003646219993242994,0.02690257699578069,0.0011802160006482154,0.0017135143280029297,8.197598799597472e-05,0.014885323005728424,7.114300387911499e-05,0.000400543212890625,0.04641840551630594,21.543178592136652
2025-07-25 21:57:18.963710,root,sm2s-qcs6490-36n08f1c,blaze_tflite,0.0007550716400146484,0.00037634000182151794,0.026896847994066775,0.0011775080056395382,0.0017313957214355469,8.234099368564785e-05,0.01485105299798306,7.421600457746536e-05,0.0003979206085205078,0.04634269396774471,21.578374375387344
2025-07-25 21:57:19.014145,root,sm2s-qcs6490-36n08f1c,blaze_tflite,0.0007851123809814453,0.00036482998984865844,0.026876640011323616,0.0011809969873866066,0.0017232894897460938,8.515300578437746e-05,0.014885947995935567,6.947599467821419e-05,0.0004069805145263672,0.046378426370210946,21.56174924991211
2025-07-25 21:57:19.063591,root,sm2s-qcs6490-36n08f1c,blaze_tflite,0.0007560253143310547,0.0003614449960878119,0.02687335900554899,0.0011570399947231635,0.0017347335815429688,8.780900679994375e-05,0.014864541997667402,6.718499935232103e-05,0.0004000663757324219,0.04630220527178608,21.59724346022333
2025-07-25 21:57:19.113199,root,sm2s-qcs6490-36n08f1c,blaze_tflite,0.0008251667022705078,0.0003612360014813021,0.02692528400802985,0.0012059439904987812,0.0016973018646240234,8.775701280683279e-05,0.014955579987145029,7.567400461994112e-05,0.0003948211669921875,0.04652876473846845,21.492081417180476
2025-07-25 21:57:19.163530,root,sm2s-qcs6490-36n08f1c,blaze_tflite,0.00074005126953125,0.00037972501013427973,0.026869556997553445,0.0011790699936682358,0.0016946792602539062,8.984099258668721e-05,0.014853917004074901,7.697699766140431e-05,0.00040149688720703125,0.04628531441267114,21.605124923300476
2025-07-25 21:57:19.213859,root,sm2s-qcs6490-36n08f1c,blaze_tflite,0.0007841587066650391,0.0003605069941841066,0.026948095008265227,0.0012142769992351532,0.00164794921875,8.374699973501265e-05,0.014874697997584008,7.536201155744493e-05,0.0003952980041503906,0.04638409194012638,21.559115597020252
2025-07-25 21:57:19.263294,root,sm2s-qcs6490-36n08f1c,blaze_tflite,0.0007443428039550781,0.00036613200791180134,0.0269044509914238,0.0011949030013056472,0.0017375946044921875,0.00014504599676001817,0.014874489002977498,7.400699541904032e-05,0.0003955364227294922,0.04643650182697456,21.534783212699036
2025-07-25 21:57:19.313723,root,sm2s-qcs6490-36n08f1c,blaze_tflite,0.000797271728515625,0.0003634759923443198,0.026805237008375116,0.0012103179906262085,0.0017189979553222656,8.11950012575835e-05,0.014914956991560757,7.520501094404608e-05,0.00039887428283691406,0.046365531961782835,21.56774564398955
2025-07-25 21:57:19.363601,root,sm2s-qcs6490-36n08f1c,blaze_tflite,0.0007278919219970703,0.00036285098758526146,0.02685612000641413,0.0011626640043687075,0.0017461776733398438,8.405900734942406e-05,0.014839491006569006,7.286100299097598e-05,0.00040340423583984375,0.04625551984645426,21.619041431585067
2025-07-25 21:57:19.414412,root,sm2s-qcs6490-36n08f1c,blaze_tflite,0.0007736682891845703,0.00036457000533118844,0.026890285007539205,0.0012083390029147267,0.0017077922821044922,9.957999282050878e-05,0.01523572600854095,7.046599057503045e-05,0.0003986358642578125,0.046749062443268485,21.390803317468293
2025-07-25 21:57:19.463894,root,sm2s-qcs6490-36n08f1c,blaze_tflite,0.0007166862487792969,0.00038243299059104174,0.02692059699620586,0.0011716220033122227,0.0017306804656982422,8.754902228247374e-05,0.014865271004964598,7.343399920500815e-05,0.0004291534423828125,0.046377426173421554,21.562214260460408
2025-07-25 21:57:19.513350,root,sm2s-qcs6490-36n08f1c,blaze_tflite,0.000732421875,0.00041107801371254027,0.0268580470001325,0.0011999029957223684,0.0016858577728271484,8.244499622378498e-05,0.015030890004709363,7.661199197173119e-05,0.00040221214294433594,0.04647946679324377,21.51487676156731
2025-07-25 21:57:19.562709,root,sm2s-qcs6490-36n08f1c,blaze_tflite,0.0007708072662353516,0.0003623829979915172,0.026855078001972288,0.0011716220033122227,0.0017206668853759766,8.937199891079217e-05,0.014956829996663146,7.666299643460661e-05,0.00039577484130859375,0.046399196988204494,21.552097124745885
2025-07-25 21:57:19.612013,root,sm2s-qcs6490-36n08f1c,blaze_tflite,0.0007281303405761719,0.0003619659983087331,0.026892524998402223,0.0011613620008574799,0.0017094612121582031,8.30169883556664e-05,0.014877563007757999,7.275798998307437e-05,0.000431060791015625,0.046317843327415176,21.58995169380237
2025-07-25 21:57:19.661325,root,sm2s-qcs6490-36n08f1c,blaze_tflite,0.0007367134094238281,0.00040352699579671025,0.026848046996747144,0.0012099019950255752,0.0016186237335205078,8.098699618130922e-05,0.01488141699519474,7.458101026713848e-05,0.00039958953857421875,0.04625338767073117,21.620038020107945
2025-07-25 21:57:19.710899,root,sm2s-qcs6490-36n08f1c,blaze_tflite,0.0010533332824707031,0.0003639450005721301,0.026889660002780147,0.001161571010015905,0.0016770362854003906,8.134999370668083e-05,0.014892666004016064,7.036200258880854e-05,0.00040221214294433594,0.046592135724495165,21.46284956571038
2025-07-25 21:57:19.760412,root,sm2s-qcs6490-36n08f1c,blaze_tflite,0.0006999969482421875,0.00037316299858503044,0.026940647992887534,0.0011801110085798427,0.0017287731170654297,8.07250034995377e-05,0.014924643997801468,7.202799315564334e-05,0.00040459632873535156,0.046404685388552025,21.549548103319296
2025-07-25 21:57:19.809841,root,sm2s-qcs6490-36n08f1c,blaze_tflite,0.0007729530334472656,0.00036660098703578115,0.02685393299907446,0.0011927160085178912,0.0016667842864990234,8.624700421933085e-05,0.014929591008694842,7.119499787222594e-05,0.0004055500030517578,0.04634557032841258,21.577035149504695
2025-07-25 21:57:19.859208,root,sm2s-qcs6490-36n08f1c,blaze_tflite,0.0007379055023193359,0.0003669649886433035,0.026884243998210877,0.0011806330003309995,0.0016798973083496094,8.030800381675363e-05,0.014899697998771444,7.114300387911499e-05,0.00039649009704589844,0.046297283901367337,21.599539232807267
2025-07-25 21:57:19.908593,root,sm2s-qcs6490-36n08f1c,blaze_tflite,0.0007483959197998047,0.0003675900079542771,0.02688101500098128,0.0012140679900767282,0.0017192363739013672,8.43190064188093e-05,0.014889073005178943,7.114298932719976e-05,0.00040602684020996094,0.04638086713384837,21.560614576569836
2025-07-25 21:57:19.957947,root,sm2s-qcs6490-36n08f1c,blaze_tflite,0.0007753372192382812,0.0003609240084188059,0.026878254997427575,0.001200319005874917,0.0016717910766601562,8.228901424445212e-05,0.014901831993483938,7.301800360437483e-05,0.0003993511199951172,0.04634311643894762,21.578177663502608
2025-07-25 21:57:20.008538,root,sm2s-qcs6490-36n08f1c,blaze_tflite,0.0007386207580566406,0.0003677469940157607,0.026930388004984707,0.0011856320052174851,0.001692056655883789,8.150801295414567e-05,0.014924331990187056,7.00490054441616e-05,0.00040340423583984375,0.04639373766258359,21.554633241082815
2025-07-25 21:57:20.058781,root,sm2s-qcs6490-36n08f1c,blaze_tflite,0.0007505416870117188,0.0003626429970609024,0.02693143000942655,0.0012106829963158816,0.00168609619140625,9.494500409346074e-05,0.01493818599556107,7.681999704800546e-05,0.00040149688720703125,0.04645284176513087,21.527208282672493
2025-07-25 21:57:20.108255,root,sm2s-qcs6490-36n08f1c,blaze_tflite,0.0007395744323730469,0.00036868399183731526,0.026887525993515737,0.0011676120047923177,0.0017044544219970703,8.447599248029292e-05,0.014912978003849275,7.655999797862023e-05,0.0004253387451171875,0.046367203583940864,21.566968087468336
2025-07-25 21:57:20.158474,root,sm2s-qcs6490-36n08f1c,blaze_tflite,0.0007703304290771484,0.0003683709946926683,0.026877005002461374,0.0011719870090018958,0.0016636848449707031,8.598600106779486e-05,0.0149004779959796,7.109100988600403e-05,0.00040221214294433594,0.046311145430081524,21.593074209528133
2025-07-25 21:57:20.207992,root,sm2s-qcs6490-36n08f1c,blaze_tflite,0.0007238388061523438,0.00037675599742215127,0.02694163798878435,0.0011984970042249188,0.0017285346984863281,9.15589916985482e-05,0.014865896999253891,7.452799763996154e-05,0.0004267692565917969,0.04642801774025429,21.538718400483727
2025-07-25 21:57:20.257415,root,sm2s-qcs6490-36n08f1c,blaze_tflite,0.0007436275482177734,0.0004178480012342334,0.026907263993052766,0.0012043820024700835,0.0016837120056152344,0.00010025699157267809,0.014873656997224316,7.156000356189907e-05,0.00040268898010253906,0.04640499652305152,21.54940361870846
2025-07-25 21:57:20.306852,root,sm2s-qcs6490-36n08f1c,blaze_tflite,0.0007457733154296875,0.00036415300564840436,0.02689898299286142,0.001150684998719953,0.0016870498657226562,8.09860066510737e-05,0.01497188200301025,7.733999518677592e-05,0.00039649009704589844,0.04637334228027612,21.56411314837076
2025-07-25 21:57:20.356203,root,sm2s-qcs6490-36n08f1c,blaze_tflite,0.000732421875,0.0003650900034699589,0.02688393200514838,0.001176881996798329,0.0016968250274658203,7.911201100796461e-05,0.014827043996774592,7.114300387911499e-05,0.00042700767517089844,0.04625945759471506,21.617201151840693
2025-07-25 21:57:20.406728,root,sm2s-qcs6490-36n08f1c,blaze_tflite,0.0007295608520507812,0.0003716530045494437,0.026870339002925903,0.0011715180007740855,0.0016930103302001953,8.31219949759543e-05,0.014895634987624362,6.801800918765366e-05,0.0004067420959472656,0.046289598278235644,21.60312547949197
2025-07-25 21:57:20.456064,root,sm2s-qcs6490-36n08f1c,blaze_tflite,0.0007696151733398438,0.00037243399128783494,0.026852213995880447,0.0011861529928864911,0.0017082691192626953,7.952700252644718e-05,0.014855219007586129,7.171600009314716e-05,0.00043201446533203125,0.04632716174819507,21.585609009145927
2025-07-25 21:57:20.505579,root,sm2s-qcs6490-36n08f1c,blaze_tflite,0.0007731914520263672,0.0003712879988597706,0.02685138100059703,0.0012186520034447312,0.001699686050415039,9.082999895326793e-05,0.014909801000612788,7.770500087644905e-05,0.00040268898010253906,0.04639522348588798,21.553942946393384
2025-07-25 21:57:20.555174,root,sm2s-qcs6490-36n08f1c,blaze_tflite,0.0007574558258056641,0.00036222599737811834,0.02685700499569066,0.0011599040008150041,0.0017993450164794922,8.416399941779673e-05,0.014937403990188614,8.635099220555276e-05,0.00040650367736816406,0.046450358495349064,21.528359142806767
2025-07-25 21:57:20.621936,root,sm2s-qcs6490-36n08f1c,blaze_tflite,0.0007557868957519531,0.00037665200943592936,0.02695497100648936,0.001276826995308511,0.003434419631958008,0.0002198879956267774,0.02975970899569802,0.00014233899128157645,0.0006535053253173828,0.06357409784686752,15.729676611514401
2025-07-25 21:57:20.671487,root,sm2s-qcs6490-36n08f1c,blaze_tflite,0.00077056884765625,0.00037878799776080996,0.026870911999139935,0.0011724030046025291,0.0018148422241210938,8.770500426180661e-05,0.01487641700077802,7.077799818944186e-05,0.0003800392150878906,0.046422453291597776,21.541300148844027
2025-07-25 21:57:20.738168,root,sm2s-qcs6490-36n08f1c,blaze_tflite,0.0007526874542236328,0.00036535000253934413,0.026861381003982387,0.001332917992840521,0.003523111343383789,0.00021973199909552932,0.029739345016423613,0.00014363999071065336,0.0006473064422607422,0.06358547124546021,15.726863077568158
2025-07-25 21:57:20.789035,root,sm2s-qcs6490-36n08f1c,blaze_tflite,0.0010497570037841797,0.0003741530090337619,0.027010905992938206,0.0011738100001821294,0.001920938491821289,7.853900024201721e-05,0.014901000002282672,7.228899630717933e-05,0.0003764629364013672,0.0469578554329928,21.295691440316407
2025-07-25 21:57:20.839540,root,sm2s-qcs6490-36n08f1c,blaze_tflite,0.0007786750793457031,0.00036852799530606717,0.026973147003445774,0.0011791750002885237,0.0019276142120361328,8.588201308157295e-05,0.014824594996753149,7.004999497439712e-05,0.00040984153747558594,0.046617507832706906,21.451168166016775
2025-07-25 21:57:20.871617,root,sm2s-qcs6490-36n08f1c,blaze_tflite,0.0007295608520507812,0.0003714439953910187,0.02692554499662947,0.0009690779988886788,0,0,0,0,0,0.028995627842959948,34.48795816445123
2025-07-25 21:57:20.903622,root,sm2s-qcs6490-36n08f1c,blaze_tflite,0.0007600784301757812,0.0003631629951996729,0.02686794300097972,0.0009585570078343153,0,0,0,0,0,0.02894974143418949,34.542622851166655
2025-07-25 21:57:20.935701,root,sm2s-qcs6490-36n08f1c,blaze_tflite,0.0007483959197998047,0.00036207000084687024,0.02694116900966037,0.0009713180043036118,0,0,0,0,0,0.029022952934610657,34.455487773867176
2025-07-25 21:57:20.985478,root,sm2s-qcs6490-36n08f1c,blaze_tflite,0.0007653236389160156,0.00040665100095793605,0.026871535999816842,0.0011997990077361465,0.0019211769104003906,8.661100582685322e-05,0.014968132003559731,7.791401003487408e-05,0.0004029273986816406,0.04670007097593043,21.413243686833102
2025-07-25 21:57:21.036053,root,sm2s-qcs6490-36n08f1c,blaze_tflite,0.0007755756378173828,0.0003695690102176741,0.026876275005633943,0.0011626119958236814,0.0019519329071044922,8.281000191345811e-05,0.014865062999888323,7.348600775003433e-05,0.00043654441833496094,0.04659386798448395,21.46205162303774
2025-07-25 21:57:21.085818,root,sm2s-qcs6490-36n08f1c,blaze_tflite,0.0007510185241699219,0.0003762359992833808,0.026940284005831927,0.001196516997879371,0.0018892288208007812,8.96319979801774e-05,0.01489620799839031,7.088299025781453e-05,0.0004184246063232422,0.046628431940916926,21.446142586718423
2025-07-25 21:57:21.136605,root,sm2s-qcs6490-36n08f1c,blaze_tflite,0.0007734298706054688,0.00035988200397696346,0.02692825200210791,0.0011711539991665632,0.0019464492797851562,8.78610007930547e-05,0.014906989003065974,7.484100933652371e-05,0.0004138946533203125,0.04666275282215793,21.4303687528085
2025-07-25 21:57:21.186299,root,sm2s-qcs6490-36n08f1c,blaze_tflite,0.0007874965667724609,0.000360819001798518,0.026887316998909228,0.001211620998219587,0.0019419193267822266,0.00010124700202140957,0.01487412498681806,7.728800119366497e-05,0.00041675567626953125,0.046658588558784686,21.432281406029034
2025-07-25 21:57:21.235977,root,sm2s-qcs6490-36n08f1c,blaze_tflite,0.000720977783203125,0.0003697259962791577,0.02685158899112139,0.0011653719993773848,0.0019545555114746094,7.989199366420507e-05,0.014882927003782243,7.150799501687288e-05,0.0004448890686035156,0.0465414363425225,21.48622987568503
2025-07-25 21:57:21.287030,root,sm2s-qcs6490-36n08f1c,blaze_tflite,0.0007450580596923828,0.000372120994143188,0.02689466100127902,0.0011751120036933571,0.00191497802734375,8.254901331383735e-05,0.014912926009856164,7.187199662439525e-05,0.0004177093505859375,0.04658698645653203,21.465221858319804
2025-07-25 21:57:21.336947,root,sm2s-qcs6490-36n08f1c,blaze_tflite,0.0007925033569335938,0.0003652989980764687,0.026859453006181866,0.0011650080123217776,0.0019385814666748047,8.26010073069483e-05,0.014883708005072549,6.817500980105251e-05,0.00041794776916503906,0.0465732766315341,21.47154059851813
2025-07-25 21:57:21.386656,root,sm2s-qcs6490-36n08f1c,blaze_tflite,0.0007126331329345703,0.0003704550035763532,0.02689570200163871,0.0011692259868141264,0.0019404888153076172,0.00010442300117574632,0.014882458010106348,6.822700379416347e-05,0.00041937828063964844,0.04656299123598728,21.476283491579615
2025-07-25 21:57:21.436388,root,sm2s-qcs6490-36n08f1c,blaze_tflite,0.0007534027099609375,0.00036628899397328496,0.026863360006245784,0.0011849030124722049,0.0019521713256835938,7.86949967732653e-05,0.014911676000338048,7.208100578282028e-05,0.00041961669921875,0.04660219475044869,21.458216836244006
2025-07-25 21:57:21.486865,root,sm2s-qcs6490-36n08f1c,blaze_tflite,0.0007488727569580078,0.0003670169971883297,0.026858932003960945,0.0011736020096577704,0.0019402503967285156,8.54660029290244e-05,0.014916519008693285,7.275798998307437e-05,0.0004086494445800781,0.04657206661067903,21.47209846536419
2025-07-25 21:57:21.536722,root,sm2s-qcs6490-36n08f1c,blaze_tflite,0.0007333755493164062,0.00036826799623668194,0.0269016390084289,0.0011955800000578165,0.0019822120666503906,8.072599302977324e-05,0.014922874004696496,7.270500645972788e-05,0.00041484832763671875,0.04667222795251291,21.426018081190794
2025-07-25 21:57:21.586757,root,sm2s-qcs6490-36n08f1c,blaze_tflite,0.0007956027984619141,0.00036389200249686837,0.026960803996189497,0.0011690179962897673,0.0019762516021728516,9.609000699128956e-05,0.01499375599087216,7.708100019954145e-05,0.0004119873046875,0.04684448269836139,21.347231144362276
2025-07-25 21:57:21.636561,root,sm2s-qcs6490-36n08f1c,blaze_tflite,0.000736236572265625,0.0003808189940173179,0.026900962009676732,0.0011798509949585423,0.0019867420196533203,8.051699842326343e-05,0.014896885011694394,7.140400703065097e-05,0.00045013427734375,0.046683550885063596,21.420821275186032
2025-07-25 21:57:21.686388,root,sm2s-qcs6490-36n08f1c,blaze_tflite,0.0007786750793457031,0.00036165300116408616,0.02690866999910213,0.001207455003168434,0.0019512176513671875,0.0001006740058073774,0.014903133996995166,7.374699634965509e-05,0.00041174888610839844,0.04669697461940814,21.41466354405712
2025-07-25 21:57:21.736079,root,sm2s-qcs6490-36n08f1c,blaze_tflite,0.0007481575012207031,0.0003644139942480251,0.02690981600608211,0.0011799040075857192,0.0019469261169433594,8.379897917620838e-05,0.014853033004328609,6.9425004767254e-05,0.0004394054412841797,0.04659488005563617,21.461585453293573
2025-07-25 21:57:21.786898,root,sm2s-qcs6490-36n08f1c,blaze_tflite,0.0007419586181640625,0.00036305899266153574,0.026833932992303744,0.0011568310001166537,0.0018916130065917969,8.004899427760392e-05,0.014925790004781447,6.958098674658686e-05,0.0004153251647949219,0.04647813976043835,21.515491049217687
2025-07-25 21:57:21.836666,root,sm2s-qcs6490-36n08f1c,blaze_tflite,0.000751495361328125,0.00037300700205378234,0.026881170997512527,0.001177142999949865,0.0019345283508300781,8.010199235286564e-05,0.014902092007105239,7.187199662439525e-05,0.0004107952117919922,0.04658220591954887,21.467424744269916
2025-07-25 21:57:21.886488,root,sm2s-qcs6490-36n08f1c,blaze_tflite,0.0008323192596435547,0.0003631110012065619,0.026912888992228545,0.0012051109952153638,0.0019423961639404297,9.827800386119634e-05,0.014937195999664254,6.702900282107294e-05,0.0004115104675292969,0.046769839886110276,21.381300479862887
2025-07-25 21:57:21.936622,root,sm2s-qcs6490-36n08f1c,blaze_tflite,0.0007271766662597656,0.00036722500226460397,0.027095433993963525,0.0012038610002491623,0.002045869827270508,0.00010291200305800885,0.015004693006630987,7.270599598996341e-05,0.00040340423583984375,0.04702328173152637,21.266061473747765
2025-07-25 21:57:21.987574,root,sm2s-qcs6490-36n08f1c,blaze_tflite,0.0008077621459960938,0.0003902460011886433,0.027079548992333002,0.0011728209938155487,0.0019130706787109375,8.083099965006113e-05,0.014892145001795143,7.062300574034452e-05,0.0004024505615234375,0.04680949838075321,21.363185562594552
2025-07-25 21:57:22.037507,root,sm2s-qcs6490-36n08f1c,blaze_tflite,0.0007340908050537109,0.0003684229886857793,0.02691241999855265,0.0011894870112882927,0.0019669532775878906,8.197600254788995e-05,0.014893915998982266,7.43200071156025e-05,0.0006053447723388672,0.04682693086215295,21.355232589207176
2025-07-25 21:57:22.087055,root,sm2s-qcs6490-36n08f1c,blaze_tflite,0.0007495880126953125,0.00036607999936677516,0.026927366998279467,0.0011467279982753098,0.0019106864929199219,8.739200711715966e-05,0.014915009000105783,7.546599954366684e-05,0.00040602684020996094,0.04658434334851336,21.46643975463299
2025-07-25 21:57:22.136759,root,sm2s-qcs6490-36n08f1c,blaze_tflite,0.0007328987121582031,0.0003661840019049123,0.026890598004683852,0.001174226010334678,0.0019474029541015625,8.530900231562555e-05,0.014955840990296565,7.494499732274562e-05,0.00039958953857421875,0.04662699421169236,21.446803872020475
2025-07-25 21:57:22.186425,root,sm2s-qcs6490-36n08f1c,blaze_tflite,0.0008084774017333984,0.00036347600689623505,0.026915024005575106,0.0012106840003980324,0.0018944740295410156,8.051800250541419e-05,0.014906311000231653,7.640400144737214e-05,0.00039267539978027344,0.0466480438481085,21.43712613665253
2025-07-25 21:57:22.236731,root,sm2s-qcs6490-36n08f1c,blaze_tflite,0.00075531005859375,0.0003607160033425316,0.02684690100431908,0.001174956007162109,0.0019497871398925781,8.171600347850472e-05,0.01494104899757076,7.577800715807825e-05,0.0003910064697265625,0.046577219691243954,21.46972289520299
2025-07-25 21:57:22.286442,root,sm2s-qcs6490-36n08f1c,blaze_tflite,0.0008170604705810547,0.00036373599141370505,0.026947938997182064,0.0011652679968392476,0.0019059181213378906,7.994400220923126e-05,0.014901258997269906,6.952800322324038e-05,0.0003924369812011719,0.04664308956125751,21.439403122871514
2025-07-25 21:57:22.336149,root,sm2s-qcs6490-36n08f1c,blaze_tflite,0.0007448196411132812,0.0003780590050155297,0.026894869006355293,0.001159851992269978,0.002018451690673828,8.614301623310894e-05,0.014881155992043205,7.406000804621726e-05,0.0004200935363769531,0.046657503888127394,21.432779653145204
2025-07-25 21:57:22.385734,root,sm2s-qcs6490-36n08f1c,blaze_tflite,0.0007383823394775391,0.0003914439876098186,0.0268351320119109,0.001211569004226476,0.0019063949584960938,8.468399755656719e-05,0.014968288000090979,7.874700531829149e-05,0.00039196014404296875,0.046606601448729634,21.456187941531557
2025-07-25 21:57:22.435346,root,sm2s-qcs6490-36n08f1c,blaze_tflite,0.0007550716400146484,0.00036399700911715627,0.02689705599914305,0.0011548000038601458,0.0018873214721679688,0.0001356719876639545,0.014871885010506958,7.088300480972975e-05,0.00039505958557128906,0.0465317457128549,21.490704564813676
2025-07-25 21:57:22.486115,root,sm2s-qcs6490-36n08f1c,blaze_tflite,0.0007612705230712891,0.0003603509976528585,0.02687596299801953,0.001223339990247041,0.0019178390502929688,8.655901183374226e-05,0.014875113993184641,7.468501280527562e-05,0.0003924369812011719,0.04656755855830852,21.474177108681197
2025-07-25 21:57:22.536622,root,sm2s-qcs6490-36n08f1c,blaze_tflite,0.0007841587066650391,0.0003675379994092509,0.02687846300250385,0.0011698519956553355,0.0019745826721191406,8.322599751409143e-05,0.01492615400638897,6.989399844314903e-05,0.00038886070251464844,0.046642729081213474,21.439568818085625
2025-07-25 21:57:22.586162,root,sm2s-qcs6490-36n08f1c,blaze_tflite,0.0008115768432617188,0.00036535000253934413,0.026881901008891873,0.0012088609946658835,0.0019161701202392578,9.926699567586184e-05,0.014904645009664819,7.369500235654414e-05,0.0003955364227294922,0.046657002400024794,21.43301002122392
2025-07-25 21:57:22.635728,root,sm2s-qcs6490-36n08f1c,blaze_tflite,0.0007548332214355469,0.0003623299999162555,0.026881796002271585,0.0011658409930532798,0.001956939697265625,8.577798143960536e-05,0.01484626199817285,7.072699372656643e-05,0.000396728515625,0.046521235402906314,21.495559852168654
2025-07-25 21:57:22.685256,root,sm2s-qcs6490-36n08f1c,blaze_tflite,0.0007779598236083984,0.0003670690057333559,0.02684929700626526,0.001225474989041686,0.001886129379272461,8.129801426548511e-05,0.014894854000885971,7.051799912005663e-05,0.00038361549377441406,0.04653621571196709,21.488640292314177
2025-07-25 21:57:22.735673,root,sm2s-qcs6490-36n08f1c,blaze_tflite,0.0007445812225341797,0.00037029899249318987,0.026874089002376422,0.0011674560082610697,0.001960277557373047,8.57259874464944e-05,0.014853084008791484,7.426799857057631e-05,0.00039124488830566406,0.04652102566615213,21.495656763380055
2025-07-25 21:57:22.785242,root,sm2s-qcs6490-36n08f1c,blaze_tflite,0.0007567405700683594,0.000369672998203896,0.02689554500102531,0.0011660499876597896,0.0019316673278808594,8.307000098284334e-05,0.014898082008585334,7.239299884531647e-05,0.0003948211669921875,0.0465680420602439,21.47395414877708
2025-07-25 21:57:22.834688,root,sm2s-qcs6490-36n08f1c,blaze_tflite,0.000759124755859375,0.00036384099803399295,0.026912784000160173,0.0011644350015558302,0.0018694400787353516,8.671499381307513e-05,0.01488188600342255,7.280999852810055e-05,0.0003972053527832031,0.04650824118289165,21.5015656272088
2025-07-25 21:57:22.885291,root,sm2s-qcs6490-36n08f1c,blaze_tflite,0.0007266998291015625,0.0003987870004493743,0.02684898499865085,0.0012076619896106422,0.0017995834350585938,7.947598351165652e-05,0.014877561989123933,7.411198748741299e-05,0.0003981590270996094,0.046411026240093634,21.54660392180939
2025-07-25 21:57:22.934836,root,sm2s-qcs6490-36n08f1c,blaze_tflite,0.0007874965667724609,0.00036134099354967475,0.02682362099585589,0.0011953200009884313,0.0017845630645751953,8.20279965410009e-05,0.014940477005438879,7.494600140489638e-05,0.0003979206085205078,0.04644771323364694,21.529585212724648
2025-07-25 21:57:22.985654,root,sm2s-qcs6490-36n08f1c,blaze_tflite,0.0007321834564208984,0.00040649498987477273,0.026873098002397455,0.0012122979969717562,0.0018503665924072266,8.327901014126837e-05,0.01491250901017338,7.067499973345548e-05,0.00038886070251464844,0.04652976476063486,21.491619507305582
2025-07-25 21:57:23.036222,root,sm2s-qcs6490-36n08f1c,blaze_tflite,0.0007579326629638672,0.00036956899566575885,0.026886588006163947,0.0011655810085358098,0.001848459243774414,8.140200225170702e-05,0.01495703900582157,7.583100523333997e-05,0.0004220008850097656,0.04656440281542018,21.475632447472126
2025-07-25 21:57:23.086827,root,sm2s-qcs6490-36n08f1c,blaze_tflite,0.0007441043853759766,0.00036436200025491416,0.026910857995972037,0.0011750590056180954,0.0018129348754882812,9.812100324779749e-05,0.014946205003070645,6.879899592604488e-05,0.0003898143768310547,0.04651025764178485,21.500633423746063
2025-07-25 21:57:23.137391,root,sm2s-qcs6490-36n08f1c,blaze_tflite,0.0007472038269042969,0.0004023280052933842,0.026813257005414926,0.0012290690065128729,0.001650094985961914,8.426701242569834e-05,0.014928236996638589,7.062200165819377e-05,0.00038909912109375,0.046314177961903624,21.59166035123335
2025-07-25 21:57:23.187903,root,sm2s-qcs6490-36n08f1c,blaze_tflite,0.0007445812225341797,0.0003651430015452206,0.026857317992835306,0.0012333910126471892,0.0016546249389648438,8.931901538744569e-05,0.01486771900090389,7.385101343970746e-05,0.00041794776916503906,0.04630389496742282,21.5964553457879
2025-07-25 21:57:23.237101,root,sm2s-qcs6490-36n08f1c,blaze_tflite,0.0007390975952148438,0.0003930059901904315,0.026825756998732686,0.001215266005601734,0.0016367435455322266,7.911199645604938e-05,0.014881676994264126,7.223698776215315e-05,0.0003910064697265625,0.04623390258348081,21.629149695818583
2025-07-25 21:57:23.286324,root,sm2s-qcs6490-36n08f1c,blaze_tflite,0.000751495361328125,0.0003630069986684248,0.026900024997303262,0.001151155011029914,0.0015838146209716797,8.06219904916361e-05,0.014954539001337253,7.603901030961424e-05,0.0003838539123535156,0.046244550903793424,21.624169344413946
2025-07-25 21:57:23.335481,root,sm2s-qcs6490-36n08f1c,blaze_tflite,0.0007588863372802734,0.00036519400600809604,0.02683586100465618,0.0011724039941327646,0.0016095638275146484,8.317400352098048e-05,0.014884333999361843,6.958100129850209e-05,0.00038933753967285156,0.04616833571344614,21.659866758176392
2025-07-25 21:57:23.384684,root,sm2s-qcs6490-36n08f1c,blaze_tflite,0.0007548332214355469,0.0003650389990070835,0.02685887999541592,0.0011959969997406006,0.0016558170318603516,8.280901238322258e-05,0.014845219993731007,7.286200707312673e-05,0.00038933753967285156,0.04622079480031971,21.6352835194665
2025-07-25 21:57:23.433961,root,sm2s-qcs6490-36n08f1c,blaze_tflite,0.0007810592651367188,0.00036264199297875166,0.026833205003640614,0.0011886010033776984,0.0017189979553222656,8.301901107188314e-05,0.014889540994772688,7.010099943727255e-05,0.0003979206085205078,0.0463250868342584,21.586575834769477
2025-07-25 21:57:23.483379,root,sm2s-qcs6490-36n08f1c,blaze_tflite,0.0007545948028564453,0.00036467399331741035,0.026904347992967814,0.0011737579916371033,0.0017611980438232422,8.343500667251647e-05,0.014861261995974928,6.989299436099827e-05,0.0003879070281982422,0.0463610698498087,21.56982147391334
2025-07-25 21:57:23.533842,root,sm2s-qcs6490-36n08f1c,blaze_tflite,0.0007684230804443359,0.0003742039989447221,0.026892004010733217,0.001206412009196356,0.0018076896667480469,8.442300895694643e-05,0.014863136006169952,6.718499935232103e-05,0.00039005279541015625,0.046453529575956054,21.52688954162035
2025-07-25 21:57:23.583259,root,sm2s-qcs6490-36n08f1c,blaze_tflite,0.0007653236389160156,0.00036764200194738805,0.026883099009864964,0.0011720390029950067,0.0018398761749267578,0.0001212459901580587,0.014852510998025537,7.666299643460661e-05,0.0003902912139892578,0.04646869102725759,21.519865911725816
2025-07-25 21:57:23.632938,root,sm2s-qcs6490-36n08f1c,blaze_tflite,0.0007612705230712891,0.00036529799399431795,0.02686606800125446,0.0011695389985106885,0.001882314682006836,8.786001126281917e-05,0.01499849600077141,7.114399340935051e-05,0.0003972053527832031,0.04659919555706438,21.459597918925905
2025-07-25 21:57:23.682593,root,sm2s-qcs6490-36n08f1c,blaze_tflite,0.0007593631744384766,0.0003660280053736642,0.026900806013145484,0.0011969860061071813,0.0018553733825683594,7.942499360069633e-05,0.0149581840087194,7.713199011050165e-05,0.00038909912109375,0.04658239669515751,21.46733682562871
2025-07-25 21:57:23.732110,root,sm2s-qcs6490-36n08f1c,blaze_tflite,0.0007269382476806641,0.00036472600186243653,0.026842942999792285,0.0011669349914882332,0.0019099712371826172,8.145500032696873e-05,0.014866052006254904,7.150799501687288e-05,0.0004184246063232422,0.046448953085928224,21.529010527967127
2025-07-25 21:57:23.782761,root,sm2s-qcs6490-36n08f1c,blaze_tflite,0.0007545948028564453,0.00036165300116408616,0.026916325994534418,0.001183810003567487,0.0018925666809082031,7.801799802109599e-05,0.014899645000696182,7.020599150564522e-05,0.00038814544677734375,0.04654496492003091,21.484601002881924
2025-07-25 21:57:23.814763,root,sm2s-qcs6490-36n08f1c,blaze_tflite,0.0007367134094238281,0.00037524600338656455,0.026918408999335952,0.0010168879962293431,0,0,0,0,0,0.029047256408375688,34.42665930100211
2025-07-25 21:57:23.881605,root,sm2s-qcs6490-36n08f1c,blaze_tflite,0.0007660388946533203,0.0003694649931276217,0.026929920000839047,0.001311512998654507,0.0037059783935546875,0.00022426100622396916,0.02977673900022637,0.00015140100731514394,0.0006387233734130859,0.06387403966800775,15.655812677538613
2025-07-25 21:57:23.948448,root,sm2s-qcs6490-36n08f1c,blaze_tflite,0.0008013248443603516,0.00037066299410071224,0.026866224012337625,0.0012657339975703508,0.003684520721435547,0.0002144199825124815,0.029654087004018947,0.00013358799333218485,0.00067138671875,0.0636619482684182,15.7079704156036
2025-07-25 21:57:24.015404,root,sm2s-qcs6490-36n08f1c,blaze_tflite,0.0008347034454345703,0.0003747260052477941,0.02703746801125817,0.001330469996901229,0.003648042678833008,0.00021868900512345135,0.02969538800243754,0.00014551500498782843,0.0006413459777832031,0.0639263481280068,15.643002131102335
2025-07-25 21:57:24.064949,root,sm2s-qcs6490-36n08f1c,blaze_tflite,0.0007607936859130859,0.00036623599589802325,0.02683872400666587,0.0010950099967885762,0.001970052719116211,8.140300633385777e-05,0.014911676000338048,7.697599357925355e-05,0.0003914833068847656,0.04649235471151769,21.508912727800965
2025-07-25 21:57:24.114702,root,sm2s-qcs6490-36n08f1c,blaze_tflite,0.0007886886596679688,0.0003631629951996729,0.026966688994434662,0.0011951109918300062,0.001962900161743164,8.33309895824641e-05,0.014968183997552842,6.968500383663923e-05,0.0003857612609863281,0.04678351305483375,21.37505148080534
2025-07-25 21:57:24.164249,root,sm2s-qcs6490-36n08f1c,blaze_tflite,0.0007221698760986328,0.00038061100349295884,0.026929502011626028,0.0011713619896909222,0.0019381046295166016,8.124600572045892e-05,0.014867927005980164,7.020498742349446e-05,0.0004086494445800781,0.04656977695412934,21.473154165736887
2025-07-25 21:57:24.213975,root,sm2s-qcs6490-36n08f1c,blaze_tflite,0.0007543563842773438,0.0003708200092660263,0.026981792994774878,0.0011980799899902195,0.0019233226776123047,8.603799506090581e-05,0.014894541003741324,7.213299977593124e-05,0.0003948211669921875,0.04667590522149112,21.42433007468631
2025-07-25 21:57:24.263386,root,sm2s-qcs6490-36n08f1c,blaze_tflite,0.0007464885711669922,0.0003631630097515881,0.02688038999622222,0.0011539670085767284,0.0019316673278808594,8.254899876192212e-05,0.014797670010011643,6.98930089129135e-05,0.0004000663757324219,0.04642585430701729,21.539722099391707
2025-07-25 21:57:24.313066,root,sm2s-qcs6490-36n08f1c,blaze_tflite,0.0007624626159667969,0.00036342399835120887,0.026863254999625497,0.0011842780077131465,0.0019326210021972656,7.833100971765816e-05,0.014861000992823392,7.78620014898479e-05,0.0003933906555175781,0.04651662528340239,21.497690210919284
2025-07-25 21:57:24.362506,root,sm2s-qcs6490-36n08f1c,blaze_tflite,0.0007197856903076172,0.00036363200342748314,0.026886640000157058,0.0011782359943026677,0.0018966197967529297,8.28609918244183e-05,0.014905269999871962,7.114300387911499e-05,0.00039458274841308594,0.04649877022893634,21.505945105139507
2025-07-25 21:57:24.412086,root,sm2s-qcs6490-36n08f1c,blaze_tflite,0.0007262229919433594,0.00036680900666397065,0.026869869994698092,0.0011615189869189635,0.001950979232788086,7.739299326203763e-05,0.014868187994579785,7.629899482708424e-05,0.0004246234893798828,0.04652190368506126,21.495251070757707
2025-07-25 21:57:24.462425,root,sm2s-qcs6490-36n08f1c,blaze_tflite,0.0008182525634765625,0.000361548998625949,0.02690518098825123,0.001182663007057272,0.0019221305847167969,9.52059926930815e-05,0.014894697000272572,7.155998900998384e-05,0.0003933906555175781,0.04664462977962103,21.438695187948486
2025-07-25 21:57:24.512286,root,sm2s-qcs6490-36n08f1c,blaze_tflite,0.0007464885711669922,0.00037259000237099826,0.026940647992887534,0.001179383005364798,0.001957416534423828,8.17680120235309e-05,0.014873968990286812,7.093499880284071e-05,0.0004038810729980469,0.04662707918032538,21.446764789460733
2025-07-25 21:57:24.561839,root,sm2s-qcs6490-36n08f1c,blaze_tflite,0.0007658004760742188,0.0003631110012065619,0.02689757700136397,0.001203339998028241,0.0018908977508544922,8.187298953998834e-05,0.014869021004415117,6.520599708892405e-05,0.0004012584686279297,0.046538084687199444,21.487777305864405
2025-07-25 21:57:24.611421,root,sm2s-qcs6490-36n08f1c,blaze_tflite,0.0007376670837402344,0.00036665301013272256,0.02685440100322012,0.0011849029979202896,0.0019435882568359375,8.530898776371032e-05,0.014880739006912336,7.119499787222594e-05,0.000400543212890625,0.0465249985572882,21.493821193108854
2025-07-25 21:57:24.661015,root,sm2s-qcs6490-36n08f1c,blaze_tflite,0.000766754150390625,0.000371861009625718,0.026886223000474274,0.0011755290033761412,0.0019321441650390625,7.775801350362599e-05,0.014911416001268663,7.718500273767859e-05,0.0004012584686279297,0.04660012881504372,21.459168148848
2025-07-25 21:57:24.710497,root,sm2s-qcs6490-36n08f1c,blaze_tflite,0.000766754150390625,0.00036368500150274485,0.02686372399330139,0.001176779012894258,0.0018885135650634766,8.109002374112606e-05,0.014896988999680616,7.421600457746536e-05,0.0003898143768310547,0.04650156512798276,21.504652526162836
2025-07-25 21:57:24.760160,root,sm2s-qcs6490-36n08f1c,blaze_tflite,0.0007624626159667969,0.00036326699773781,0.02685262999148108,0.0012141730112489313,0.0019698143005371094,8.046600851230323e-05,0.014845167999737896,6.890400254633278e-05,0.0004200935363769531,0.04657697846414521,21.4698340891691
2025-07-25 21:57:24.810292,root,sm2s-qcs6490-36n08f1c,blaze_tflite,0.0008070468902587891,0.00036800699308514595,0.02686664000793826,0.0011955800000578165,0.0019080638885498047,8.895498467609286e-05,0.014895895001245663,6.994599243625998e-05,0.0003955364227294922,0.04659567018097732,21.46122152800905
2025-07-25 21:57:24.859959,root,sm2s-qcs6490-36n08f1c,blaze_tflite,0.0007803440093994141,0.0003702990070451051,0.026950700004817918,0.0011750069970730692,0.0019457340240478516,8.129900379572064e-05,0.014867614998365752,7.405999349430203e-05,0.00043392181396484375,0.04667897985200398,21.422918906336573
2025-07-25 21:57:24.909671,root,sm2s-qcs6490-36n08f1c,blaze_tflite,0.0007541179656982422,0.0004088380082976073,0.026863359002163634,0.0012013610103167593,0.0019197463989257812,8.11950012575835e-05,0.014922091999324039,7.51530023990199e-05,0.00039768218994140625,0.04662354457832407,21.448390701399262
2025-07-25 21:57:24.959277,root,sm2s-qcs6490-36n08f1c,blaze_tflite,0.0007390975952148438,0.0003607160033425316,0.02684674500778783,0.0011661010066745803,0.0019683837890625,0.00011989100312348455,0.014881729002809152,7.650699990335852e-05,0.0004055500030517578,0.04656472041097004,21.47548597251779
2025-07-25 21:57:25.008942,root,sm2s-qcs6490-36n08f1c,blaze_tflite,0.0007410049438476562,0.00036498600093182176,0.026873723007156514,0.0011789659911300987,0.0019807815551757812,8.286100637633353e-05,0.01493016499443911,6.853899685665965e-05,0.00039958953857421875,0.046620616034488194,21.449738014191773
2025-07-25 21:57:25.058614,root,sm2s-qcs6490-36n08f1c,blaze_tflite,0.0007772445678710938,0.0003658200002973899,0.02694210599293001,0.0012013090017717332,0.0019419193267822266,9.103798947762698e-05,0.01494735099549871,7.260100392159075e-05,0.0003948211669921875,0.04673421004554257,21.397601436410252
2025-07-25 21:57:25.108378,root,sm2s-qcs6490-36n08f1c,blaze_tflite,0.0007588863372802734,0.00036712099972646683,0.02696002299489919,0.0011765699891839176,0.001979351043701172,7.999700028449297e-05,0.014862042007734999,7.286200707312673e-05,0.0003905296325683594,0.046647382012452,21.437430287793237
2025-07-25 21:57:25.158597,root,sm2s-qcs6490-36n08f1c,blaze_tflite,0.0008337497711181641,0.0003647779958555475,0.02688934800971765,0.0012215689930599183,0.0019600391387939453,0.00010760000441223383,0.015093544003320858,7.859000470489264e-05,0.0003857612609863281,0.04693497918196954,21.306071024830842
2025-07-25 21:57:25.208622,root,sm2s-qcs6490-36n08f1c,blaze_tflite,0.0007874965667724609,0.0003811310016317293,0.02705559199966956,0.0012226620019646361,0.0020570755004882812,0.00010239201947115362,0.014966465998440981,7.499799539800733e-05,0.0004031658172607422,0.04705097890109755,21.253542930573825
2025-07-25 21:57:25.258302,root,sm2s-qcs6490-36n08f1c,blaze_tflite,0.0007748603820800781,0.00036519499553833157,0.02687492099357769,0.0012482339952839538,0.0019385814666748047,8.609099313616753e-05,0.014927925993106328,7.07260041963309e-05,0.00039505958557128906,0.04668159440916497,21.421719044876294
2025-07-25 21:57:25.308774,root,sm2s-qcs6490-36n08f1c,blaze_tflite,0.0007441043853759766,0.00036009099858347327,0.0269357530050911,0.0011949030013056472,0.0019905567169189453,8.905900176614523e-05,0.014997140999184921,7.760099833831191e-05,0.00040030479431152344,0.046789513900876045,21.37231008893377
2025-07-25 21:57:25.359001,root,sm2s-qcs6490-36n08f1c,blaze_tflite,0.0007636547088623047,0.00036535099206957966,0.02684289199532941,0.0011533419892657548,0.0018486976623535156,8.166400948539376e-05,0.01490443699003663,7.437200110871345e-05,0.0004153251647949219,0.04644973551330622,21.52864788032076
2025-07-25 21:57:25.408589,root,sm2s-qcs6490-36n08f1c,blaze_tflite,0.0007295608520507812,0.00037738199171144515,0.02688716100237798,0.0011902670084964484,0.0018711090087890625,0.00010666200250852853,0.01489360400591977,6.84870028635487e-05,0.0004100799560546875,0.04653431283077225,21.48951900582744
2025-07-25 21:57:25.458153,root,sm2s-qcs6490-36n08f1c,blaze_tflite,0.0007603168487548828,0.0003604030061978847,0.026969084996380843,0.0012078190047759563,0.0017247200012207031,8.619400614406914e-05,0.014947976989788003,7.317500421777368e-05,0.00039887428283691406,0.04652856414031703,21.492174075784543
2025-07-25 21:57:25.507562,root,sm2s-qcs6490-36n08f1c,blaze_tflite,0.0007371902465820312,0.0003677460044855252,0.026874817005591467,0.001218443998368457,0.0016279220581054688,8.848600555211306e-05,0.014896416003466584,7.369498780462891e-05,0.0003960132598876953,0.04628072956984397,21.607265254772244
2025-07-25 21:57:25.573853,root,sm2s-qcs6490-36n08f1c,blaze_tflite,0.0007512569427490234,0.00036701800127048045,0.02691991999745369,0.0014289039972936735,0.002897977828979492,0.0002123360027326271,0.02977340598590672,0.00014041100803297013,0.0006697177886962891,0.06316094755311497,15.832568046244932
2025-07-25 21:57:25.639883,root,sm2s-qcs6490-36n08f1c,blaze_tflite,0.0007929801940917969,0.00037472599069587886,0.02691273200616706,0.001312919004703872,0.002796649932861328,0.00022030498075764626,0.029655336009454913,0.00013530798605643213,0.0006718635559082031,0.06287281966069713,15.9051241124011
2025-07-25 21:57:25.706208,root,sm2s-qcs6490-36n08f1c,blaze_tflite,0.0007421970367431641,0.0003830070054391399,0.02701111399801448,0.0013521369983209297,0.002706289291381836,0.00021395001385826617,0.029795800990541466,0.0001491089933551848,0.0006501674652099609,0.06300377179286443,15.872065616764491
2025-07-25 21:57:25.772218,root,sm2s-qcs6490-36n08f1c,blaze_tflite,0.0007872581481933594,0.000364257997716777,0.026798309991136193,0.0012607859971467406,0.0029184818267822266,0.0002142629964509979,0.02972622000379488,0.00013275498349685222,0.0006742477416992188,0.06287657968641724,15.904172984396963
2025-07-25 21:57:25.821622,root,sm2s-qcs6490-36n08f1c,blaze_tflite,0.0007908344268798828,0.00038394400326069444,0.02682851700228639,0.001191934003145434,0.0017805099487304688,8.187200000975281e-05,0.01487579099193681,7.202799315564334e-05,0.00039505958557128906,0.046400489954976365,21.551496567607945
2025-07-25 21:57:25.870891,root,sm2s-qcs6490-36n08f1c,blaze_tflite,0.0007069110870361328,0.00036415300564840436,0.02695319899066817,0.0011601639998843893,0.001725912094116211,8.082999556791037e-05,0.014872615007334389,7.546599954366684e-05,0.0003910064697265625,0.046330256649525836,21.58416707174089
2025-07-25 21:57:25.920263,root,sm2s-qcs6490-36n08f1c,blaze_tflite,0.0007445812225341797,0.00036535000253934413,0.02686554699903354,0.0012287040008231997,0.001672983169555664,9.103899355977774e-05,0.014873188003548421,7.525799446739256e-05,0.0004134178161621094,0.04633006820222363,21.58425486522389
2025-07-25 21:57:25.970367,root,sm2s-qcs6490-36n08f1c,blaze_tflite,0.0007779598236083984,0.0003656629996839911,0.026867473003221676,0.001173028998891823,0.0015943050384521484,9.161100024357438e-05,0.01496714299719315,7.307100167963654e-05,0.00039696693420410156,0.0463072217971785,21.594903800964584
2025-07-25 21:57:26.019695,root,sm2s-qcs6490-36n08f1c,blaze_tflite,0.0007472038269042969,0.00036540300061460584,0.026902159996097907,0.0011647469946183264,0.0016632080078125,8.129900379572064e-05,0.014879073001793586,7.088300480972975e-05,0.0003952980041503906,0.04626927484059706,21.612614492989444
2025-07-25 21:57:26.069019,root,sm2s-qcs6490-36n08f1c,blaze_tflite,0.0007374286651611328,0.0003691530000651255,0.02687242098909337,0.001185735993203707,0.0017104148864746094,9.723601397126913e-05,0.014918082000804134,7.614299829583615e-05,0.00038695335388183594,0.04635356790095102,21.57331237450404
2025-07-25 21:57:26.100922,root,sm2s-qcs6490-36n08f1c,blaze_tflite,0.0007207393646240234,0.0003698289947351441,0.026918149000266567,0.000966734005487524,0,0,0,0,0,0.02897545136511326,34.511973166499494
2025-07-25 21:57:26.133222,root,sm2s-qcs6490-36n08f1c,blaze_tflite,0.0007760524749755859,0.00035972599289380014,0.026995332998922095,0.0010193359921686351,0,0,0,0,0,0.029150447458960116,34.304790738044915
2025-07-25 21:57:26.182589,root,sm2s-qcs6490-36n08f1c,blaze_tflite,0.0007653236389160156,0.0003651429869933054,0.02692085700982716,0.0011589670029934496,0.0018703937530517578,8.109098416753113e-05,0.014870687999064103,7.49970058677718e-05,0.00039315223693847656,0.04650061261781957,21.505093023587143
2025-07-25 21:57:26.215081,root,sm2s-qcs6490-36n08f1c,blaze_tflite,0.0007865428924560547,0.0003674339968711138,0.02696236599877011,0.0009707970020826906,0,0,0,0,0,0.02908713989017997,34.37945441784764
2025-07-25 21:57:26.247117,root,sm2s-qcs6490-36n08f1c,blaze_tflite,0.0007750988006591797,0.00036076700780540705,0.02692372199089732,0.0010286070028087124,0,0,0,0,0,0.02908819480217062,34.37820761312345
2025-07-25 21:57:26.296991,root,sm2s-qcs6490-36n08f1c,blaze_tflite,0.0007638931274414062,0.00036472600186243653,0.026997207998647355,0.001196622004499659,0.002016305923461914,8.562199946027249e-05,0.01490964500408154,7.223700231406838e-05,0.0003876686096191406,0.04679392767138779,21.370294176255936
2025-07-25 21:57:26.329706,root,sm2s-qcs6490-36n08f1c,blaze_tflite,0.0007925033569335938,0.00036186100624036044,0.026841953993425705,0.0009562660125084221,0,0,0,0,0,0.02895258436910808,34.53923101479615
2025-07-25 21:57:26.361786,root,sm2s-qcs6490-36n08f1c,blaze_tflite,0.0007576942443847656,0.00036113199894316494,0.026931429994874634,0.0009521520114503801,0,0,0,0,0,0.029002408249652945,34.47989530358971
2025-07-25 21:57:26.395899,root,sm2s-qcs6490-36n08f1c,blaze_tflite,0.0007393360137939453,0.00040685999556444585,0.026840026999707334,0.001002201999654062,0,0,0,0,0,0.028988425008719787,34.49652748292457
2025-07-25 21:57:26.444239,root,sm2s-qcs6490-36n08f1c,blaze_tflite,0.0008220672607421875,0.00037040300958324224,0.02687856699049007,0.0009877749980660155,0,0,0,0,0,0.029058812258881517,34.41296881273462
2025-07-25 21:57:26.494126,root,sm2s-qcs6490-36n08f1c,blaze_tflite,0.0008001327514648438,0.00036144400655757636,0.02700444799847901,0.0009581409976817667,0,0,0,0,0,0.029124165754183196,34.33574744905326
2025-07-25 21:57:26.545073,root,sm2s-qcs6490-36n08f1c,blaze_tflite,0.0007815361022949219,0.00036399699456524104,0.02689518099941779,0.000978452997514978,0,0,0,0,0,0.02901916709379293,34.45998283713303
2025-07-25 21:57:26.593249,root,sm2s-qcs6490-36n08f1c,blaze_tflite,0.0007760524749755859,0.0003621220093918964,0.027003458002582192,0.0009675150067778304,0,0,0,0,0,0.029109147493727505,34.35346226527183
2025-07-25 21:57:26.645276,root,sm2s-qcs6490-36n08f1c,blaze_tflite,0.0007848739624023438,0.00036441299016587436,0.0269529390061507,0.0010029830009443685,0,0,0,0,0,0.029105208959663287,34.35811099607267
2025-07-25 21:57:26.692980,root,sm2s-qcs6490-36n08f1c,blaze_tflite,0.0007936954498291016,0.0003748820017790422,0.026862369006266817,0.0009651199943618849,0,0,0,0,0,0.028996066452236846,34.48743648202175
2025-07-25 21:57:26.745094,root,sm2s-qcs6490-36n08f1c,blaze_tflite,0.0007779598236083984,0.00037201699160505086,0.02701538499968592,0.0009960040042642504,0,0,0,0,0,0.02916136581916362,34.29194661872943
2025-07-25 21:57:26.792786,root,sm2s-qcs6490-36n08f1c,blaze_tflite,0.000820159912109375,0.0003712879988597706,0.026991897000698373,0.0009685050026746467,0,0,0,0,0,0.029151849914342165,34.303140381771065
2025-07-25 21:57:26.844891,root,sm2s-qcs6490-36n08f1c,blaze_tflite,0.0008232593536376953,0.00036639199242927134,0.026928305000183173,0.0009943899931386113,0,0,0,0,0,0.02911234633938875,34.34968752920505
2025-07-25 21:57:26.893695,root,sm2s-qcs6490-36n08f1c,blaze_tflite,0.0007367134094238281,0.00036858000385109335,0.026843985004234128,0.0009616820025257766,0,0,0,0,0,0.028910960420034826,34.58895814844727
2025-07-25 21:57:26.944834,root,sm2s-qcs6490-36n08f1c,blaze_tflite,0.0008106231689453125,0.00036316399928182364,0.02689288998953998,0.0009411630016984418,0,0,0,0,0,0.02900784015946556,34.4734387152809
2025-07-25 21:57:26.993709,root,sm2s-qcs6490-36n08f1c,blaze_tflite,0.0007250308990478516,0.0003850369976134971,0.02686898499086965,0.0009528280061203986,0,0,0,0,0,0.028931880893651396,34.56394707540196
2025-07-25 21:57:27.040825,root,sm2s-qcs6490-36n08f1c,blaze_tflite,0.0007910728454589844,0.0003799859987339005,0.02683283899386879,0.0010080339998239651,0,0,0,0,0,0.02901193183788564,34.46857677688791
2025-07-25 21:57:27.092432,root,sm2s-qcs6490-36n08f1c,blaze_tflite,0.0007650852203369141,0.000370141991879791,0.026820340994163416,0.0010244930017506704,0,0,0,0,0,0.028980061208130792,34.506483365170915
2025-07-25 21:57:27.141758,root,sm2s-qcs6490-36n08f1c,blaze_tflite,0.0007357597351074219,0.0003668610006570816,0.02684007900825236,0.0009590260015102103,0,0,0,0,0,0.028901725745527074,34.6000100064877
2025-07-25 21:57:27.192794,root,sm2s-qcs6490-36n08f1c,blaze_tflite,0.0007860660552978516,0.0003684760013129562,0.026901692006504163,0.0010024100047303364,0,0,0,0,0,0.029058644067845307,34.413167994529545
2025-07-25 21:57:27.240206,root,sm2s-qcs6490-36n08f1c,blaze_tflite,0.0007557868957519531,0.00036962199374102056,0.026865806998102926,0.000997306007775478,0,0,0,0,0,0.028988521895371377,34.49641218718609
2025-07-25 21:57:27.292662,root,sm2s-qcs6490-36n08f1c,blaze_tflite,0.0007669925689697266,0.0003630069986684248,0.026866171989240684,0.0009928270010277629,0,0,0,0,0,0.028988998557906598,34.495844966926434
